--
-- PostgreSQL database dump
--

-- Dumped from database version 13.21 (Debian 13.21-1.pgdg120+1)
-- Dumped by pg_dump version 13.21 (Debian 13.21-1.pgdg120+1)

SET statement_timeout = 0;
SET lock_timeout = 0;
SET idle_in_transaction_session_timeout = 0;
SET client_encoding = 'UTF8';
SET standard_conforming_strings = on;
SELECT pg_catalog.set_config('search_path', '', false);
SET check_function_bodies = false;
SET xmloption = content;
SET client_min_messages = warning;
SET row_security = off;

SET default_tablespace = '';

SET default_table_access_method = heap;

--
-- Name: auth_group; Type: TABLE; Schema: public; Owner: novania_db_user
--

CREATE TABLE public.auth_group (
    id integer NOT NULL,
    name character varying(150) NOT NULL
);


ALTER TABLE public.auth_group OWNER TO novania_db_user;

--
-- Name: auth_group_id_seq; Type: SEQUENCE; Schema: public; Owner: novania_db_user
--

ALTER TABLE public.auth_group ALTER COLUMN id ADD GENERATED BY DEFAULT AS IDENTITY (
    SEQUENCE NAME public.auth_group_id_seq
    START WITH 1
    INCREMENT BY 1
    NO MINVALUE
    NO MAXVALUE
    CACHE 1
);


--
-- Name: auth_group_permissions; Type: TABLE; Schema: public; Owner: novania_db_user
--

CREATE TABLE public.auth_group_permissions (
    id bigint NOT NULL,
    group_id integer NOT NULL,
    permission_id integer NOT NULL
);


ALTER TABLE public.auth_group_permissions OWNER TO novania_db_user;

--
-- Name: auth_group_permissions_id_seq; Type: SEQUENCE; Schema: public; Owner: novania_db_user
--

ALTER TABLE public.auth_group_permissions ALTER COLUMN id ADD GENERATED BY DEFAULT AS IDENTITY (
    SEQUENCE NAME public.auth_group_permissions_id_seq
    START WITH 1
    INCREMENT BY 1
    NO MINVALUE
    NO MAXVALUE
    CACHE 1
);


--
-- Name: auth_permission; Type: TABLE; Schema: public; Owner: novania_db_user
--

CREATE TABLE public.auth_permission (
    id integer NOT NULL,
    name character varying(255) NOT NULL,
    content_type_id integer NOT NULL,
    codename character varying(100) NOT NULL
);


ALTER TABLE public.auth_permission OWNER TO novania_db_user;

--
-- Name: auth_permission_id_seq; Type: SEQUENCE; Schema: public; Owner: novania_db_user
--

ALTER TABLE public.auth_permission ALTER COLUMN id ADD GENERATED BY DEFAULT AS IDENTITY (
    SEQUENCE NAME public.auth_permission_id_seq
    START WITH 1
    INCREMENT BY 1
    NO MINVALUE
    NO MAXVALUE
    CACHE 1
);


--
-- Name: auth_user; Type: TABLE; Schema: public; Owner: novania_db_user
--

CREATE TABLE public.auth_user (
    id integer NOT NULL,
    password character varying(128) NOT NULL,
    last_login timestamp with time zone,
    is_superuser boolean NOT NULL,
    username character varying(150) NOT NULL,
    first_name character varying(150) NOT NULL,
    last_name character varying(150) NOT NULL,
    email character varying(254) NOT NULL,
    is_staff boolean NOT NULL,
    is_active boolean NOT NULL,
    date_joined timestamp with time zone NOT NULL
);


ALTER TABLE public.auth_user OWNER TO novania_db_user;

--
-- Name: auth_user_groups; Type: TABLE; Schema: public; Owner: novania_db_user
--

CREATE TABLE public.auth_user_groups (
    id bigint NOT NULL,
    user_id integer NOT NULL,
    group_id integer NOT NULL
);


ALTER TABLE public.auth_user_groups OWNER TO novania_db_user;

--
-- Name: auth_user_groups_id_seq; Type: SEQUENCE; Schema: public; Owner: novania_db_user
--

ALTER TABLE public.auth_user_groups ALTER COLUMN id ADD GENERATED BY DEFAULT AS IDENTITY (
    SEQUENCE NAME public.auth_user_groups_id_seq
    START WITH 1
    INCREMENT BY 1
    NO MINVALUE
    NO MAXVALUE
    CACHE 1
);


--
-- Name: auth_user_id_seq; Type: SEQUENCE; Schema: public; Owner: novania_db_user
--

ALTER TABLE public.auth_user ALTER COLUMN id ADD GENERATED BY DEFAULT AS IDENTITY (
    SEQUENCE NAME public.auth_user_id_seq
    START WITH 1
    INCREMENT BY 1
    NO MINVALUE
    NO MAXVALUE
    CACHE 1
);


--
-- Name: auth_user_user_permissions; Type: TABLE; Schema: public; Owner: novania_db_user
--

CREATE TABLE public.auth_user_user_permissions (
    id bigint NOT NULL,
    user_id integer NOT NULL,
    permission_id integer NOT NULL
);


ALTER TABLE public.auth_user_user_permissions OWNER TO novania_db_user;

--
-- Name: auth_user_user_permissions_id_seq; Type: SEQUENCE; Schema: public; Owner: novania_db_user
--

ALTER TABLE public.auth_user_user_permissions ALTER COLUMN id ADD GENERATED BY DEFAULT AS IDENTITY (
    SEQUENCE NAME public.auth_user_user_permissions_id_seq
    START WITH 1
    INCREMENT BY 1
    NO MINVALUE
    NO MAXVALUE
    CACHE 1
);


--
-- Name: django_admin_log; Type: TABLE; Schema: public; Owner: novania_db_user
--

CREATE TABLE public.django_admin_log (
    id integer NOT NULL,
    action_time timestamp with time zone NOT NULL,
    object_id text,
    object_repr character varying(200) NOT NULL,
    action_flag smallint NOT NULL,
    change_message text NOT NULL,
    content_type_id integer,
    user_id integer NOT NULL,
    CONSTRAINT django_admin_log_action_flag_check CHECK ((action_flag >= 0))
);


ALTER TABLE public.django_admin_log OWNER TO novania_db_user;

--
-- Name: django_admin_log_id_seq; Type: SEQUENCE; Schema: public; Owner: novania_db_user
--

ALTER TABLE public.django_admin_log ALTER COLUMN id ADD GENERATED BY DEFAULT AS IDENTITY (
    SEQUENCE NAME public.django_admin_log_id_seq
    START WITH 1
    INCREMENT BY 1
    NO MINVALUE
    NO MAXVALUE
    CACHE 1
);


--
-- Name: django_content_type; Type: TABLE; Schema: public; Owner: novania_db_user
--

CREATE TABLE public.django_content_type (
    id integer NOT NULL,
    app_label character varying(100) NOT NULL,
    model character varying(100) NOT NULL
);


ALTER TABLE public.django_content_type OWNER TO novania_db_user;

--
-- Name: django_content_type_id_seq; Type: SEQUENCE; Schema: public; Owner: novania_db_user
--

ALTER TABLE public.django_content_type ALTER COLUMN id ADD GENERATED BY DEFAULT AS IDENTITY (
    SEQUENCE NAME public.django_content_type_id_seq
    START WITH 1
    INCREMENT BY 1
    NO MINVALUE
    NO MAXVALUE
    CACHE 1
);


--
-- Name: django_migrations; Type: TABLE; Schema: public; Owner: novania_db_user
--

CREATE TABLE public.django_migrations (
    id bigint NOT NULL,
    app character varying(255) NOT NULL,
    name character varying(255) NOT NULL,
    applied timestamp with time zone NOT NULL
);


ALTER TABLE public.django_migrations OWNER TO novania_db_user;

--
-- Name: django_migrations_id_seq; Type: SEQUENCE; Schema: public; Owner: novania_db_user
--

ALTER TABLE public.django_migrations ALTER COLUMN id ADD GENERATED BY DEFAULT AS IDENTITY (
    SEQUENCE NAME public.django_migrations_id_seq
    START WITH 1
    INCREMENT BY 1
    NO MINVALUE
    NO MAXVALUE
    CACHE 1
);


--
-- Name: django_session; Type: TABLE; Schema: public; Owner: novania_db_user
--

CREATE TABLE public.django_session (
    session_key character varying(40) NOT NULL,
    session_data text NOT NULL,
    expire_date timestamp with time zone NOT NULL
);


ALTER TABLE public.django_session OWNER TO novania_db_user;

--
-- Name: minecraft_app_cartitem; Type: TABLE; Schema: public; Owner: novania_db_user
--

CREATE TABLE public.minecraft_app_cartitem (
    id bigint NOT NULL,
    quantity integer NOT NULL,
    added_at timestamp with time zone NOT NULL,
    rank_id bigint,
    store_item_id bigint,
    user_id integer NOT NULL,
    metadata jsonb NOT NULL
);


ALTER TABLE public.minecraft_app_cartitem OWNER TO novania_db_user;

--
-- Name: minecraft_app_cartitem_id_seq; Type: SEQUENCE; Schema: public; Owner: novania_db_user
--

ALTER TABLE public.minecraft_app_cartitem ALTER COLUMN id ADD GENERATED BY DEFAULT AS IDENTITY (
    SEQUENCE NAME public.minecraft_app_cartitem_id_seq
    START WITH 1
    INCREMENT BY 1
    NO MINVALUE
    NO MAXVALUE
    CACHE 1
);


--
-- Name: minecraft_app_dynamicmappoint; Type: TABLE; Schema: public; Owner: novania_db_user
--

CREATE TABLE public.minecraft_app_dynamicmappoint (
    id bigint NOT NULL,
    name character varying(100) NOT NULL,
    point_type character varying(20) NOT NULL,
    location_x integer NOT NULL,
    location_z integer NOT NULL,
    description text NOT NULL
);


ALTER TABLE public.minecraft_app_dynamicmappoint OWNER TO novania_db_user;

--
-- Name: minecraft_app_dynamicmappoint_id_seq; Type: SEQUENCE; Schema: public; Owner: novania_db_user
--

ALTER TABLE public.minecraft_app_dynamicmappoint ALTER COLUMN id ADD GENERATED BY DEFAULT AS IDENTITY (
    SEQUENCE NAME public.minecraft_app_dynamicmappoint_id_seq
    START WITH 1
    INCREMENT BY 1
    NO MINVALUE
    NO MAXVALUE
    CACHE 1
);


--
-- Name: minecraft_app_nation; Type: TABLE; Schema: public; Owner: novania_db_user
--

CREATE TABLE public.minecraft_app_nation (
    id bigint NOT NULL,
    name character varying(100) NOT NULL,
    leader character varying(100) NOT NULL,
    founded_date date NOT NULL,
    description text NOT NULL,
    capital character varying(100) NOT NULL,
    flag_image character varying(255),
    real_world_country character varying(100) NOT NULL
);


ALTER TABLE public.minecraft_app_nation OWNER TO novania_db_user;

--
-- Name: minecraft_app_nation_id_seq; Type: SEQUENCE; Schema: public; Owner: novania_db_user
--

ALTER TABLE public.minecraft_app_nation ALTER COLUMN id ADD GENERATED BY DEFAULT AS IDENTITY (
    SEQUENCE NAME public.minecraft_app_nation_id_seq
    START WITH 1
    INCREMENT BY 1
    NO MINVALUE
    NO MAXVALUE
    CACHE 1
);


--
-- Name: minecraft_app_rank; Type: TABLE; Schema: public; Owner: novania_db_user
--

CREATE TABLE public.minecraft_app_rank (
    id bigint NOT NULL,
    name character varying(100) NOT NULL,
    description text NOT NULL,
    price numeric(6,2) NOT NULL,
    color_code character varying(7) NOT NULL,
    is_donation boolean NOT NULL,
    features text NOT NULL,
    kit_image character varying(255),
    duration_type character varying(10) NOT NULL,
    exclude_from_discounts boolean NOT NULL
);


ALTER TABLE public.minecraft_app_rank OWNER TO novania_db_user;

--
-- Name: minecraft_app_rank_id_seq; Type: SEQUENCE; Schema: public; Owner: novania_db_user
--

ALTER TABLE public.minecraft_app_rank ALTER COLUMN id ADD GENERATED BY DEFAULT AS IDENTITY (
    SEQUENCE NAME public.minecraft_app_rank_id_seq
    START WITH 1
    INCREMENT BY 1
    NO MINVALUE
    NO MAXVALUE
    CACHE 1
);


--
-- Name: minecraft_app_serverrule; Type: TABLE; Schema: public; Owner: novania_db_user
--

CREATE TABLE public.minecraft_app_serverrule (
    id bigint NOT NULL,
    title character varying(100) NOT NULL,
    description text NOT NULL,
    "order" integer NOT NULL
);


ALTER TABLE public.minecraft_app_serverrule OWNER TO novania_db_user;

--
-- Name: minecraft_app_serverrule_id_seq; Type: SEQUENCE; Schema: public; Owner: novania_db_user
--

ALTER TABLE public.minecraft_app_serverrule ALTER COLUMN id ADD GENERATED BY DEFAULT AS IDENTITY (
    SEQUENCE NAME public.minecraft_app_serverrule_id_seq
    START WITH 1
    INCREMENT BY 1
    NO MINVALUE
    NO MAXVALUE
    CACHE 1
);


--
-- Name: minecraft_app_staffmember; Type: TABLE; Schema: public; Owner: novania_db_user
--

CREATE TABLE public.minecraft_app_staffmember (
    id bigint NOT NULL,
    name character varying(100) NOT NULL,
    role character varying(20) NOT NULL,
    minecraft_uuid character varying(36),
    description text NOT NULL,
    discord_username character varying(100) NOT NULL
);


ALTER TABLE public.minecraft_app_staffmember OWNER TO novania_db_user;

--
-- Name: minecraft_app_staffmember_id_seq; Type: SEQUENCE; Schema: public; Owner: novania_db_user
--

ALTER TABLE public.minecraft_app_staffmember ALTER COLUMN id ADD GENERATED BY DEFAULT AS IDENTITY (
    SEQUENCE NAME public.minecraft_app_staffmember_id_seq
    START WITH 1
    INCREMENT BY 1
    NO MINVALUE
    NO MAXVALUE
    CACHE 1
);


--
-- Name: minecraft_app_storeitem; Type: TABLE; Schema: public; Owner: novania_db_user
--

CREATE TABLE public.minecraft_app_storeitem (
    id bigint NOT NULL,
    name character varying(100) NOT NULL,
    description text NOT NULL,
    price numeric(6,2) NOT NULL,
    image character varying(255),
    color_code character varying(7) NOT NULL,
    category character varying(20) NOT NULL,
    quantity integer NOT NULL
);


ALTER TABLE public.minecraft_app_storeitem OWNER TO novania_db_user;

--
-- Name: minecraft_app_storeitem_id_seq; Type: SEQUENCE; Schema: public; Owner: novania_db_user
--

ALTER TABLE public.minecraft_app_storeitem ALTER COLUMN id ADD GENERATED BY DEFAULT AS IDENTITY (
    SEQUENCE NAME public.minecraft_app_storeitem_id_seq
    START WITH 1
    INCREMENT BY 1
    NO MINVALUE
    NO MAXVALUE
    CACHE 1
);


--
-- Name: minecraft_app_storeitempurchase; Type: TABLE; Schema: public; Owner: novania_db_user
--

CREATE TABLE public.minecraft_app_storeitempurchase (
    id bigint NOT NULL,
    quantity integer NOT NULL,
    amount numeric(10,2) NOT NULL,
    payment_id character varying(100) NOT NULL,
    payment_status character varying(20) NOT NULL,
    created_at timestamp with time zone NOT NULL,
    store_item_id bigint,
    user_id integer NOT NULL
);


ALTER TABLE public.minecraft_app_storeitempurchase OWNER TO novania_db_user;

--
-- Name: minecraft_app_storeitempurchase_id_seq; Type: SEQUENCE; Schema: public; Owner: novania_db_user
--

ALTER TABLE public.minecraft_app_storeitempurchase ALTER COLUMN id ADD GENERATED BY DEFAULT AS IDENTITY (
    SEQUENCE NAME public.minecraft_app_storeitempurchase_id_seq
    START WITH 1
    INCREMENT BY 1
    NO MINVALUE
    NO MAXVALUE
    CACHE 1
);


--
-- Name: minecraft_app_town; Type: TABLE; Schema: public; Owner: novania_db_user
--

CREATE TABLE public.minecraft_app_town (
    id bigint NOT NULL,
    name character varying(100) NOT NULL,
    mayor character varying(100) NOT NULL,
    founded_date date NOT NULL,
    description text NOT NULL,
    residents_count integer NOT NULL,
    location_x integer NOT NULL,
    location_z integer NOT NULL,
    real_world_location character varying(100) NOT NULL,
    nation_id bigint
);


ALTER TABLE public.minecraft_app_town OWNER TO novania_db_user;

--
-- Name: minecraft_app_town_id_seq; Type: SEQUENCE; Schema: public; Owner: novania_db_user
--

ALTER TABLE public.minecraft_app_town ALTER COLUMN id ADD GENERATED BY DEFAULT AS IDENTITY (
    SEQUENCE NAME public.minecraft_app_town_id_seq
    START WITH 1
    INCREMENT BY 1
    NO MINVALUE
    NO MAXVALUE
    CACHE 1
);


--
-- Name: minecraft_app_townyserver; Type: TABLE; Schema: public; Owner: novania_db_user
--

CREATE TABLE public.minecraft_app_townyserver (
    id bigint NOT NULL,
    name character varying(100) NOT NULL,
    ip_address character varying(100) NOT NULL,
    description text NOT NULL,
    version character varying(20) NOT NULL,
    player_count integer NOT NULL,
    max_players integer NOT NULL,
    status boolean NOT NULL,
    discord_link character varying(100)
);


ALTER TABLE public.minecraft_app_townyserver OWNER TO novania_db_user;

--
-- Name: minecraft_app_townyserver_id_seq; Type: SEQUENCE; Schema: public; Owner: novania_db_user
--

ALTER TABLE public.minecraft_app_townyserver ALTER COLUMN id ADD GENERATED BY DEFAULT AS IDENTITY (
    SEQUENCE NAME public.minecraft_app_townyserver_id_seq
    START WITH 1
    INCREMENT BY 1
    NO MINVALUE
    NO MAXVALUE
    CACHE 1
);


--
-- Name: minecraft_app_userprofile; Type: TABLE; Schema: public; Owner: novania_db_user
--

CREATE TABLE public.minecraft_app_userprofile (
    id bigint NOT NULL,
    minecraft_username character varying(100) NOT NULL,
    minecraft_uuid character varying(36) NOT NULL,
    bio text NOT NULL,
    discord_username character varying(100) NOT NULL,
    user_id integer NOT NULL
);


ALTER TABLE public.minecraft_app_userprofile OWNER TO novania_db_user;

--
-- Name: minecraft_app_userprofile_id_seq; Type: SEQUENCE; Schema: public; Owner: novania_db_user
--

ALTER TABLE public.minecraft_app_userprofile ALTER COLUMN id ADD GENERATED BY DEFAULT AS IDENTITY (
    SEQUENCE NAME public.minecraft_app_userprofile_id_seq
    START WITH 1
    INCREMENT BY 1
    NO MINVALUE
    NO MAXVALUE
    CACHE 1
);


--
-- Name: minecraft_app_userpurchase; Type: TABLE; Schema: public; Owner: novania_db_user
--

CREATE TABLE public.minecraft_app_userpurchase (
    id bigint NOT NULL,
    amount numeric(10,2) NOT NULL,
    payment_id character varying(100) NOT NULL,
    payment_status character varying(20) NOT NULL,
    created_at timestamp with time zone NOT NULL,
    rank_id bigint,
    user_id integer NOT NULL,
    gifted_by_id integer,
    is_gift boolean NOT NULL
);


ALTER TABLE public.minecraft_app_userpurchase OWNER TO novania_db_user;

--
-- Name: minecraft_app_userpurchase_id_seq; Type: SEQUENCE; Schema: public; Owner: novania_db_user
--

ALTER TABLE public.minecraft_app_userpurchase ALTER COLUMN id ADD GENERATED BY DEFAULT AS IDENTITY (
    SEQUENCE NAME public.minecraft_app_userpurchase_id_seq
    START WITH 1
    INCREMENT BY 1
    NO MINVALUE
    NO MAXVALUE
    CACHE 1
);


--
-- Name: minecraft_app_usersubscription; Type: TABLE; Schema: public; Owner: novania_db_user
--

CREATE TABLE public.minecraft_app_usersubscription (
    id bigint NOT NULL,
    stripe_subscription_id character varying(100),
    status character varying(20) NOT NULL,
    current_period_start timestamp with time zone NOT NULL,
    current_period_end timestamp with time zone NOT NULL,
    created_at timestamp with time zone NOT NULL,
    cancelled_at timestamp with time zone,
    rank_id bigint NOT NULL,
    user_id integer NOT NULL
);


ALTER TABLE public.minecraft_app_usersubscription OWNER TO novania_db_user;

--
-- Name: minecraft_app_usersubscription_id_seq; Type: SEQUENCE; Schema: public; Owner: novania_db_user
--

ALTER TABLE public.minecraft_app_usersubscription ALTER COLUMN id ADD GENERATED BY DEFAULT AS IDENTITY (
    SEQUENCE NAME public.minecraft_app_usersubscription_id_seq
    START WITH 1
    INCREMENT BY 1
    NO MINVALUE
    NO MAXVALUE
    CACHE 1
);


--
-- Name: minecraft_app_webhookerror; Type: TABLE; Schema: public; Owner: novania_db_user
--

CREATE TABLE public.minecraft_app_webhookerror (
    id bigint NOT NULL,
    event_type character varying(100) NOT NULL,
    session_id character varying(100) NOT NULL,
    error_message text NOT NULL,
    created_at timestamp with time zone NOT NULL
);


ALTER TABLE public.minecraft_app_webhookerror OWNER TO novania_db_user;

--
-- Name: minecraft_app_webhookerror_id_seq; Type: SEQUENCE; Schema: public; Owner: novania_db_user
--

ALTER TABLE public.minecraft_app_webhookerror ALTER COLUMN id ADD GENERATED BY DEFAULT AS IDENTITY (
    SEQUENCE NAME public.minecraft_app_webhookerror_id_seq
    START WITH 1
    INCREMENT BY 1
    NO MINVALUE
    NO MAXVALUE
    CACHE 1
);


--
-- Data for Name: auth_group; Type: TABLE DATA; Schema: public; Owner: novania_db_user
--

COPY public.auth_group (id, name) FROM stdin;
\.


--
-- Data for Name: auth_group_permissions; Type: TABLE DATA; Schema: public; Owner: novania_db_user
--

COPY public.auth_group_permissions (id, group_id, permission_id) FROM stdin;
\.


--
-- Data for Name: auth_permission; Type: TABLE DATA; Schema: public; Owner: novania_db_user
--

COPY public.auth_permission (id, name, content_type_id, codename) FROM stdin;
1	Can add log entry	1	add_logentry
2	Can change log entry	1	change_logentry
3	Can delete log entry	1	delete_logentry
4	Can view log entry	1	view_logentry
5	Can add permission	2	add_permission
6	Can change permission	2	change_permission
7	Can delete permission	2	delete_permission
8	Can view permission	2	view_permission
9	Can add group	3	add_group
10	Can change group	3	change_group
11	Can delete group	3	delete_group
12	Can view group	3	view_group
13	Can add user	4	add_user
14	Can change user	4	change_user
15	Can delete user	4	delete_user
16	Can view user	4	view_user
17	Can add content type	5	add_contenttype
18	Can change content type	5	change_contenttype
19	Can delete content type	5	delete_contenttype
20	Can view content type	5	view_contenttype
21	Can add session	6	add_session
22	Can change session	6	change_session
23	Can delete session	6	delete_session
24	Can view session	6	view_session
25	Can add dynamic map point	7	add_dynamicmappoint
26	Can change dynamic map point	7	change_dynamicmappoint
27	Can delete dynamic map point	7	delete_dynamicmappoint
28	Can view dynamic map point	7	view_dynamicmappoint
29	Can add nation	8	add_nation
30	Can change nation	8	change_nation
31	Can delete nation	8	delete_nation
32	Can view nation	8	view_nation
33	Can add rank	9	add_rank
34	Can change rank	9	change_rank
35	Can delete rank	9	delete_rank
36	Can view rank	9	view_rank
37	Can add server rule	10	add_serverrule
38	Can change server rule	10	change_serverrule
39	Can delete server rule	10	delete_serverrule
40	Can view server rule	10	view_serverrule
41	Can add staff member	11	add_staffmember
42	Can change staff member	11	change_staffmember
43	Can delete staff member	11	delete_staffmember
44	Can view staff member	11	view_staffmember
45	Can add town	12	add_town
46	Can change town	12	change_town
47	Can delete town	12	delete_town
48	Can view town	12	view_town
49	Can add towny server	13	add_townyserver
50	Can change towny server	13	change_townyserver
51	Can delete towny server	13	delete_townyserver
52	Can view towny server	13	view_townyserver
53	Can add user profile	14	add_userprofile
54	Can change user profile	14	change_userprofile
55	Can delete user profile	14	delete_userprofile
56	Can view user profile	14	view_userprofile
57	Can add user purchase	15	add_userpurchase
58	Can change user purchase	15	change_userpurchase
59	Can delete user purchase	15	delete_userpurchase
60	Can view user purchase	15	view_userpurchase
61	Can add store item	16	add_storeitem
62	Can change store item	16	change_storeitem
63	Can delete store item	16	delete_storeitem
64	Can view store item	16	view_storeitem
65	Can add store item purchase	17	add_storeitempurchase
66	Can change store item purchase	17	change_storeitempurchase
67	Can delete store item purchase	17	delete_storeitempurchase
68	Can view store item purchase	17	view_storeitempurchase
69	Can add cart item	18	add_cartitem
70	Can change cart item	18	change_cartitem
71	Can delete cart item	18	delete_cartitem
72	Can view cart item	18	view_cartitem
73	Can add webhook error	19	add_webhookerror
74	Can change webhook error	19	change_webhookerror
75	Can delete webhook error	19	delete_webhookerror
76	Can view webhook error	19	view_webhookerror
77	Can add user subscription	20	add_usersubscription
78	Can change user subscription	20	change_usersubscription
79	Can delete user subscription	20	delete_usersubscription
80	Can view user subscription	20	view_usersubscription
\.


--
-- Data for Name: auth_user; Type: TABLE DATA; Schema: public; Owner: novania_db_user
--

COPY public.auth_user (id, password, last_login, is_superuser, username, first_name, last_name, email, is_staff, is_active, date_joined) FROM stdin;
5	pbkdf2_sha256$600000$ve44dzJ5Oje3cEXug0E1k3$tc3TcjXnqvuk5bzpieE7UpCELNyNRrk4we7e1zXsML8=	2025-05-15 09:57:12.146762+00	f	GFGFG			gabin.stephan2@gmail.com	f	t	2025-05-15 09:54:28.391609+00
16	pbkdf2_sha256$600000$csOvsFROcBSb12seVv8xCo$AFOqQ2JfmdvkrQUbjrJS9wQvPBKlpqRN8LffY5fTunA=	2025-05-18 12:25:23.225481+00	f	cepamathi			guillenthibaud@gmail.com	f	t	2025-05-18 12:25:22.83663+00
6	pbkdf2_sha256$600000$sOLu6wG31ujB6ibaa21pH0$aFbMAKWoYTJhnjsy/nx0bAR4gFWKjQFMpypg1sBZ8x0=	2025-05-16 07:22:30.695191+00	f	DSzEw			ewen.desaize@gmail.com	f	t	2025-05-16 07:22:30.28704+00
3	pbkdf2_sha256$600000$krF9xdAkYwsiwiEQ9A4lcV$EwC1lmu7GH0c+DJQWZl+Ywh4rD+1A6o9hf0jag7XS74=	2025-05-16 16:44:34.91761+00	t	betaking			antoinelenoc@yahoo.fr	t	t	2025-05-04 10:11:07+00
25	pbkdf2_sha256$600000$H2TLi03zxM2lNdvigznCxd$QhNKXh0IYwbpWUhmtDUXmx1KISwYfXSw6uYtW1JFFVQ=	2025-05-22 20:58:15.204649+00	f	craftmineur			craftmineuryt@gmail.com	f	t	2025-05-19 18:17:53.934378+00
17	pbkdf2_sha256$600000$2ALHa2NAx5nzps5noHMNsA$91A1QRPuMjV2l3pVgbqKxPrr852YH6xlDbgyMxAFI5k=	2025-05-18 13:11:45.567651+00	f	SergentCartoon@gmail.com			SergentCartoon@gmail.com	f	t	2025-05-18 13:11:45.250735+00
18	pbkdf2_sha256$600000$t7Rn2sphlqluEUiFv4u8zx$MeigvigdOGvLGTD5dKCPlxGdwaywoXiQDwwYAX4GxTQ=	2025-05-18 17:28:51.24398+00	f	Dragonne			enzo.prohair@gmail.com	f	t	2025-05-18 17:28:50.878166+00
19	pbkdf2_sha256$600000$T2HDtzhf3NjYC5wluNGr5P$nvCLe1HQeA5HtZsJjHhVaj5Dc6/Cg5jmvw1kMLNeYlo=	2025-05-18 19:18:45.927624+00	f	Gizous			tgche20@gmail.com	f	t	2025-05-18 19:18:45.553586+00
20	pbkdf2_sha256$600000$IuPGsmg7iuaAgYU88KqHqb$m0+0+lzu5RKcXQVAQqVfsCvVDHSb8W5lMrIOTkY15TQ=	2025-05-18 19:28:04.488183+00	f	Never_Ever_Gamer			valerian.michel.picque@gmail.com	f	t	2025-05-18 19:28:04.098564+00
7	pbkdf2_sha256$600000$Oq2oERVpuWKlPAt37tjMle$Tbf9Bi3hrF9xlexibt9ERHVqCqIXDJR8P0buwD9Bwxg=	2025-05-17 10:59:31.901716+00	f	Taiga			schlernitzauercoralie@gmail.com	f	t	2025-05-17 10:58:40.137739+00
8	pbkdf2_sha256$600000$kMsEPIYkA0L5CKLNe95M1N$OqF8Kn3GhqxNXC/IBq2i9fakeT/FbhrTHJ+q9vjc9/g=	2025-05-17 11:50:51.571522+00	f	Chanatole			chanatole@outlook.fr	f	t	2025-05-17 11:50:51.423829+00
30	pbkdf2_sha256$600000$l5R9qiMiFt0NwQn7yMq2oz$fLyIVJzmx8aQz7dg0g7eH4DJbqKeLFjnPKPHsZvwl5E=	2025-05-20 19:18:59.186664+00	f	duck1887			mathis.mallet022@gmail.com	f	t	2025-05-20 19:18:58.684536+00
21	pbkdf2_sha256$600000$JJQMEnZuu0fq5SJn5mXydX$/UU6105nRqSVzUQWZe2aF7XQo3CUhRzA28QWvlpm180=	2025-05-18 20:28:59.913653+00	f	nightmife			dylanbonnassieux@gmail.com	f	t	2025-05-18 20:28:59.477433+00
2	pbkdf2_sha256$600000$47jfe3N4xO3sU94MN3w4QD$92SAJ7CtgDAJgutshlq1rvPI4f7svxCMe16evH3741U=	2025-05-29 19:36:34.434812+00	f	karatoss			mathis.kervadec@gmail.com	f	t	2025-05-04 09:14:32.368297+00
28	pbkdf2_sha256$600000$skfnHwlmzZzGuaqqqzaXlr$2FENfrSzZPD/PREOcy0ZvyRJvKykmf6j2dhfD67N8sA=	2025-05-21 12:36:53.471515+00	f	ChenkoV1			lucascaprani@gmail.com	f	t	2025-05-20 18:21:47.560018+00
12	pbkdf2_sha256$600000$ljt1cMgpKI9vnUVFEZMesq$ByX7mzXdkeKTMIsPOtDtFMMXAX57PVVilvlhM6JHU9g=	2025-05-17 16:30:35.313483+00	f	Leorche			leoleorche@gmail.com	f	t	2025-05-17 16:30:34.87816+00
9	pbkdf2_sha256$600000$nPuHsezEtxOh1Bwo5ZAQhr$ZJMnNcvkmczMq7EsUXoT5k8TO21DRjbGyZpyQSQelR0=	2025-05-17 16:35:36.584274+00	f	Vomzor			alexoussalomon@icloud.com	f	t	2025-05-17 12:09:54.731391+00
13	pbkdf2_sha256$600000$dlAC71B0WJiPwxIdMiiOWT$SYMso/BtX/fOAavOXucdCCgbp3BLVmjhmSw495zrvWs=	2025-05-17 16:50:21.560822+00	f	BROONKS			bronksprd@gmail.com	f	t	2025-05-17 16:50:21.001125+00
15	pbkdf2_sha256$600000$ndyyFcaV2cPf1JsFmulJCO$spj+ZYnS0dmQX8w5UWX1GbYdzTBDpOgRoBUpYiG771M=	2025-05-18 12:12:34.485368+00	f	Cypho_			axolotl.sauvaze@gmail.com	f	t	2025-05-18 12:12:34.007392+00
22	pbkdf2_sha256$600000$ArWhpaEkZeghSgQvu9aeMV$yVDK+CGPN5TjNyfIrcHpkQq7Sk+1N+fGySkFP/thaAA=	2025-05-18 22:35:59.62252+00	f	anael			anael.bencteux@icloud.com	f	t	2025-05-18 22:35:59.474276+00
11	pbkdf2_sha256$600000$LETtAYyDQmRwoymcyuy510$nt7JdAhESOnVio/nzsOQJpNsQjYPC1FcllZmrzAXYTk=	2025-05-24 12:50:38.109196+00	f	peugo			peugotetypeugo@gmail.com	f	t	2025-05-17 16:03:54.331736+00
72	pbkdf2_sha256$600000$0vNHj4mmH7ENeJ8NHLl22e$nfUbaX+Esk2TJ5G7n+EgD0+0XaiDlUSGqGq3r3B5xKc=	2025-05-23 10:38:10.11834+00	f	Lekoala			wthwsh64@gmail.com	f	t	2025-05-21 16:52:16.425136+00
63	pbkdf2_sha256$600000$uyC6MvwCbvV1MfVcNLNW5f$24/FRSZx+z+9kSJDQOpRS0Hc11oKIW15vAOC28/zKCI=	2025-05-23 09:38:37.693273+00	f	Liura_			24k.kaoura@gmail.com	f	t	2025-05-21 14:13:02.131732+00
64	pbkdf2_sha256$600000$cX5140mz6J1UOTI4By7dlq$9Ig8xlwBjnqWs5EiR+5xnwGgknJt55diytDSQP+BP3g=	2025-05-21 14:50:30.326918+00	f	Vex_Le_Goat			axelvex28@gmail.com	f	t	2025-05-21 14:50:30.177304+00
26	pbkdf2_sha256$600000$eyXsvH6Wtpv6juXOt8HgQ9$WnGioNukrIrO/EIIKhE9OP5DIbhlANdJcp05PFz4Ae4=	2025-05-19 18:23:50.357035+00	f	Catking1286			nicolaugael08@gmail.com	f	t	2025-05-19 18:23:49.96531+00
10	pbkdf2_sha256$600000$Wj9H1nie9m0U0K3LFzaVUO$AFCbI/A+wHAwcMsXOfgWQo2v1mNOfBP1ryaJTQ1VQb0=	2025-05-27 15:31:03.67066+00	f	Etolan			killian.camart@gmail.com	f	t	2025-05-17 13:05:51.105716+00
65	pbkdf2_sha256$600000$BhqK9CRsI77ibEJXCFEaa4$x00amMgUORpJFjKzogZxZT+QlQ/bw2Q3YVOmCq7MoME=	2025-05-21 15:06:53.678986+00	f	chacopixel			sachapoupard9@gmail.com	f	t	2025-05-21 15:06:53.298329+00
67	pbkdf2_sha256$600000$H99AP1dEB3ShhKT44hWJZ3$lZoc/ZD490KCJ/bjnZO6VhzU8nyiczt22CLsdwyHBqo=	2025-05-21 15:16:45.543912+00	f	Floutilou0682			daleluck8@gmail.com	f	t	2025-05-21 15:16:45.112253+00
29	pbkdf2_sha256$600000$XP0uzPNYhnmq1lUzx7haZW$G1G73tscRo2lTkeJJNaEqRSdPJxiOaQqX4Vwuxaf+5s=	2025-05-20 18:34:28.054903+00	f	Mrs_tong			bebeleg230911@gmail.com	f	t	2025-05-20 18:34:27.899536+00
1	pbkdf2_sha256$600000$vVCzXdubB13dgntvucsJoq$hwuDSx4Png4TGRojYY+JHOwViPOlq5jZhiA8IpMKugk=	2025-05-28 10:04:50.384616+00	t	EnzoLaPicole			enzoleroy56@gmail.com	t	t	2025-05-01 15:25:42.228479+00
66	pbkdf2_sha256$600000$UMLlAOhwcagpkw14RrAlr8$eNJGe+CDJAisVOfnqwnuvVAzeHRZ757fX57dtL2rP80=	2025-05-21 15:11:41.498296+00	f	alfarius13			ilian7789@outlook.fr	f	t	2025-05-21 15:11:41.353429+00
68	pbkdf2_sha256$600000$ROIlwrjP44bBOX0eDSs3ja$hrk5NuTIhCOsI7XGDbEcHaX1cbZaSLtdS4kn2867sEY=	2025-05-21 15:21:27.406331+00	f	Augustvid			morcrettevid@gmail.com	f	t	2025-05-21 15:21:26.856741+00
69	pbkdf2_sha256$600000$6IhHD6ihTMdmOvsPbtgHGn$vFMtFJSooOGcs+M7zc9COETQEC3GYLE/H6/Tgw20jS8=	2025-05-21 15:57:42.35069+00	f	Tristan			tristan.ribes0705@gmail.com	f	t	2025-05-21 15:57:41.941161+00
14	pbkdf2_sha256$600000$Is048W0RwdxWffURPeN9pG$tu7oMluUzFv2OkBrvDFKLaCI8d7QmTRkKjDkqe49NrY=	2025-05-22 16:21:47.488941+00	f	Mathis			mathis.proces@gmail.com	f	t	2025-05-18 08:15:33.682402+00
71	pbkdf2_sha256$600000$zYkv2ZS74RAkEk8BxrjxhK$sWVaFnZykzoW6hPDacrcoNeZc9AxD3Wu9JYWevfz1OQ=	2025-05-21 15:59:43.354752+00	f	Bxldix			godefroy147@gmail.com	f	t	2025-05-21 15:59:42.977933+00
70	pbkdf2_sha256$600000$fTTyct1YkjokRWly5tS5H7$bon8hSYfysickJ7nOojgNeHADmQ3edRH5BR7c4ZPAdo=	2025-05-21 16:43:50.282866+00	f	Etilo123			boultache.nathan@icloud.com	f	t	2025-05-21 15:57:43.614161+00
73	pbkdf2_sha256$600000$zlZB0UFBuF85XL8TgRzKky$dBrS4Kn6eZAK2p/jSSXx2sObvImxoJeQzI0UcN5VKdI=	2025-05-21 17:13:11.007454+00	f	mallonee			katanoww@gmail.com	f	t	2025-05-21 17:13:10.633887+00
74	pbkdf2_sha256$600000$GzSYen3bqLuss132iXO7Nz$bTtpf2bdPA5g/DdIG9xHhJ0/sJY2uzdJ/ctwH7QW26A=	2025-05-21 17:21:49.654068+00	f	Askar76			askar7678off@gmail.com	f	t	2025-05-21 17:21:49.288268+00
75	pbkdf2_sha256$600000$Lc4r6EgRrIAkueUvlRHIdd$uTkJ3u1qkoFYfx7bTywq+jhW1b53xSlIlOtu1YveWt8=	2025-05-21 17:46:05.140533+00	f	Nakioo			nthnlfbvr@gmail.com	f	t	2025-05-21 17:46:04.798231+00
27	pbkdf2_sha256$600000$eQBuNkIE2Mq0EzuWrVHTBd$3EHYrChMEzDpZJSoaowzMXuELTI+UnnxOgqNfXrWVrI=	2025-05-25 23:09:54.205069+00	f	Dahtz			xxpower3@hotmail.com	f	t	2025-05-20 14:56:44.352441+00
76	pbkdf2_sha256$600000$tfWQ45fWzw7QToxRxd12Gg$aVNfFc3+DxqVDvmYoCnme2YFXg083PBMxdEoDiFUkeM=	2025-05-21 18:29:55.633335+00	f	TbdDeathGun			thekiller34ytb@gmail.com	f	t	2025-05-21 18:29:55.306426+00
24	pbkdf2_sha256$600000$yLSJkYhJkNibIstesxPWtk$0Qrxkrt5DsOJ55e8R2Wmz0+q+25bYqMUZBolQ6M/g7o=	2025-05-21 22:28:39.086995+00	f	Ushie_76			enzo.continsuzat7619@gmail.com	f	t	2025-05-19 14:47:50.544221+00
77	pbkdf2_sha256$600000$JFQ2CFEyL8zFoZ5jfYFMmn$JN4CDw3XJ6lFFwSPJo+cLiP9FdGdPVZeUxOwDFnUYOY=	2025-05-21 18:41:11.615207+00	f	Slimmzzzz			andre.da.silva.ferreira15@gmail.com	f	t	2025-05-21 18:41:11.04396+00
78	pbkdf2_sha256$600000$cJ1s5jGSALginLzdcljibv$SCu4H38JK8epdd0wHOrQRm3jFg/cCLknjXhOeWBgDVw=	2025-05-21 20:35:28.725022+00	f	zenovel			Alexandre.ladrait@hotmail.com	f	t	2025-05-21 20:35:28.315583+00
79	pbkdf2_sha256$600000$JQuGa6v5zvXi5JQdCdmyRz$6ZpcM526Kd+TbTsGoAfNCPI47GznoLuE9ulyYWIO4Rg=	2025-05-22 08:13:07.945254+00	f	Dax21			fayot.gregory@gmail.com	f	t	2025-05-22 08:13:07.525824+00
106	pbkdf2_sha256$600000$7FbTweGzh6lJz4vfnMzXeJ$8QIA/JzHxdlnYHMEJ8ECsQXlZPpOix6MdmcTqTADDAM=	2025-05-25 11:06:02.222112+00	f	paul.vaslin@icloud.com			paul.vaslin@icloud.com	f	t	2025-05-25 11:06:01.816871+00
81	pbkdf2_sha256$600000$5A51mN7l8QfFYQHw23URD4$j85v7gu4f31w9xqUUWDb8VkG1OmWoQftzZAQLm7P13A=	2025-05-22 12:12:35.262506+00	f	Rukia			sullivnidczak@gmail.com	f	t	2025-05-22 12:12:34.827525+00
82	pbkdf2_sha256$600000$Bw4afTP7xsNdbsnn0EdRPe$5hJDWkr4JNO2YjOPbEn0Vy0+8uwUrtaX5H7IPzQ5Jug=	2025-05-22 14:16:50.823046+00	f	Enzo_LeRoy			emilienqr@gmail.com	f	t	2025-05-22 14:16:50.650245+00
83	pbkdf2_sha256$600000$r2IAnmrJBAjn77f5ohqBFp$IF0zDOAQvg2UfYBTQvpeYmoQgeFQwQTva74jZ6YWCU8=	2025-05-22 15:13:56.595416+00	f	team_fous			realieteamofficiel@gmail.com	f	t	2025-05-22 15:13:56.171138+00
97	pbkdf2_sha256$600000$Ftpiw3jHWMDOYPoUQI1jS7$POFO57JZ8CGEoWfdhp86ki7GPJXU1beeW3iAiXUivB8=	2025-05-24 18:47:10.405396+00	f	Laritcho			Pro.laritcho@gmail.com	f	t	2025-05-24 18:47:10.008452+00
85	pbkdf2_sha256$600000$9PF8Dnk4F8NFYkYpOK7wRg$fzULGrHDHaatC69jOglvcKtjuOgejREa9BBZRDEsDfE=	2025-05-22 16:34:57.783557+00	f	Kira95			kira.akami70@gmail.com	f	t	2025-05-22 16:34:57.396179+00
84	pbkdf2_sha256$600000$gjWGuTu1Mern4AXG623crY$uHr3BEGRMzByq+dSarebHn4AWS3PTrAsWfsBwgQXZY8=	2025-05-22 16:46:47.953036+00	f	jodot21			moriceau.johan@gmail.com	f	t	2025-05-22 15:29:42.018484+00
86	pbkdf2_sha256$600000$Gt5cV6vNxgwf4hAf3mglPM$uAlEv0s9AEUQ8dJIMaBU+/OxZfNtdJgiUOsWnE5XnGo=	2025-05-22 18:12:16.346851+00	f	Kipicroc			mattcost21@gmail.com	f	t	2025-05-22 18:12:15.933471+00
87	pbkdf2_sha256$600000$q51OfRjFhdcAYVDbfOPNLm$tqhg3yDvcg9N2n5dah0z8Z/JNagVrvvjOunwHW7HwkI=	2025-05-22 18:15:56.061687+00	f	kirax			kirax.fifou@gmail.com	f	t	2025-05-22 18:15:55.551513+00
88	pbkdf2_sha256$600000$5pSmZStnW8uXbGC1nWGHod$wgQQTEV8qunOZOzaHtLMyP1AeVr6ixCmOW7JqeVGLbs=	2025-05-23 15:03:30.170081+00	f	CornyV2			thibault.legoasterperso@gmail.com	f	t	2025-05-23 15:03:29.767016+00
89	pbkdf2_sha256$600000$MGLyAyyNT8gPv06DlS2ows$QlY09zblgitKRFxZTgey8JYxyYfeeoVAqdIxQbH50eg=	2025-05-23 17:30:35.363734+00	f	anael6162			anael.bencteux@icloud.com	f	t	2025-05-23 17:30:34.93108+00
90	pbkdf2_sha256$600000$F0wIANihqP7UAZeLdYFLKr$lBtDf7Qrx87DRgUlNowaeUm2vz3HRmZe0b6IMDBDcpw=	2025-05-23 20:53:53.761077+00	f	Antinox13			lecocqnicolas913@gmail.com	f	t	2025-05-23 20:53:53.345808+00
92	pbkdf2_sha256$600000$negiZ9VjpdUiI0hNz8vUeG$c0JIbH5q4TcanaUwU/YFrwfiBPdvW4iAQWyaw9bAakY=	2025-05-24 06:43:49.552749+00	f	mannyfic			cabannesbenjamin10@gmail.com	f	t	2025-05-24 06:43:49.177716+00
93	pbkdf2_sha256$600000$x2w8e2HMG55eauAWdZl3UO$oZFo6G74tgEVcZjzxLT9Qs6qxB9V0suQEf2k36WLilI=	2025-05-24 09:15:42.321534+00	f	MasterCheep			remymoselle@gmail.com	f	t	2025-05-24 09:15:41.872287+00
94	pbkdf2_sha256$600000$2lQrl9QsThZnKxI1Kdp7lk$bOkZaezFeOkvTqryZD225+scM6PzVjQYGKt9UhEhx24=	2025-05-24 11:46:18.977914+00	f	.SacredGolf93028			claytondegoutte026@gmail.com	f	t	2025-05-24 11:46:18.651451+00
95	pbkdf2_sha256$600000$oMacQosmFH3eDDOsNaNkRS$VqhTooSMqN1zDTZQJeLSyOkdh734pnx9xJmk+USrQCY=	2025-05-24 11:48:42.558096+00	f	Sky0_0ff			wazz.60.zz@gmail.com	f	t	2025-05-24 11:48:42.083898+00
96	pbkdf2_sha256$600000$OTNaMqgiQSaj4KFqtnL0gt$WUSSaei8V5hYyILqYBIZpzn1juO3BGtI3R5by4xxtwc=	2025-05-24 16:00:52.657541+00	f	XawiiZ			pierrerouge2411@gmail.com	f	t	2025-05-24 16:00:52.256175+00
98	pbkdf2_sha256$600000$I7yplklpgS9WO5gEIw2zbo$7fIClf94p6frwFD3hmQypYvyGjPZHIEGYG50OwrIcFs=	2025-05-24 19:42:37.435235+00	f	Alkamy			adauvier11@gmail.com	f	t	2025-05-24 19:42:36.678906+00
99	pbkdf2_sha256$600000$V6XOh2TOmjzBbSTYS0Nzbi$2hmJUW+apICP+w+DFDElE5y5Lef5mrFuMakU3g0StYI=	2025-05-24 23:07:09.898447+00	f	Dairax			ewenfritel85@gmail.com	f	t	2025-05-24 23:07:09.533475+00
100	pbkdf2_sha256$600000$oB017rUBep6EtKVVTsMUwg$Q8wpuKfCGiDM0mU5MiXdzI/yl5T7Dm0ur+td5GREALQ=	2025-05-25 00:55:30.417282+00	f	ElPoyoDelElmo			francois.poirotb@gmail.com	f	t	2025-05-25 00:55:30.052534+00
80	pbkdf2_sha256$600000$MYQljpCQpnb0UCSC1mb5Jn$IP8pYtgxrFvqy4+I4ZpGK+enswjXR1It1YZiTv9K8Ws=	2025-05-25 02:16:46.579893+00	f	sitronn10			tom.brds@icloud.com	f	t	2025-05-22 10:21:48.569692+00
101	pbkdf2_sha256$600000$kvW70yEPh4DHsDpcEHjUMw$jbfJxkbHcI9v34Tu9EVaexLgo3wxh5YroUfdGsxfaRM=	2025-05-25 08:56:20.173384+00	f	Truelledu60			diogo.lobo290@gmail.com	f	t	2025-05-25 08:56:19.998577+00
102	pbkdf2_sha256$600000$kEtuoSZiDw0MeS2fFGo7eJ$BoZqACYRgUWzCBgVei8UfCSHf+HN4a1MGOtRw2QfB7Q=	2025-05-25 09:06:56.399508+00	f	aToxicoSheep			louis.decovemacker@gmail.com	f	t	2025-05-25 09:06:56.014992+00
103	pbkdf2_sha256$600000$yB1AwmkmunudeVOsflcfYe$fohppsM9oODKITjP+2s6nhWtWqwJezCgQRIP8N1jOWk=	2025-05-25 10:00:29.213142+00	f	MrCookiee_			baudouxadrien@gmail.com	f	t	2025-05-25 10:00:28.831814+00
105	pbkdf2_sha256$600000$TWC6zLbve2kEI8jxvNTkBl$O3pF00wbjkeCZaqoMQaYTkSVs1p71Dc0m+TQGu6iWRk=	2025-05-25 10:50:59.062324+00	f	Ryben_37			ruben@liilo.com	f	t	2025-05-25 10:50:58.906727+00
104	pbkdf2_sha256$600000$Byj5xGtf2UM4h9Cv5lsyGc$gDh+5wF6xiYRVeFb2T/18/dRGDdZ9Pp9z6a3txCZ+Gs=	2025-05-25 11:53:42.348507+00	f	Fireded			matthieudenosmaison@gmail.com	f	t	2025-05-25 10:07:07.228227+00
107	pbkdf2_sha256$600000$K350N413kTlTRAcXDrYZA3$49c5Vcg4tLEaj9MuVa992M5D5Vlw7/vUjlvepZ/eoc8=	2025-05-25 12:06:27.959489+00	f	FatalRoyal31			antonytaieb0005@gmail.com	f	t	2025-05-25 12:06:27.509647+00
108	pbkdf2_sha256$600000$OgS4HspL3IvgBdwI8vAMtw$gsmtLzzNWO0zkpX0SiMxPxWhxEXWEaUeozu6tpBDzGQ=	2025-05-25 12:58:40.179072+00	f	Ardanas14			polgendre@gmail.com	f	t	2025-05-25 12:58:39.760713+00
109	pbkdf2_sha256$600000$6JylSa85HRlM3WNP4jncNV$/9sBKAcypMIsMwL9tL1IBrmPgEQsKXLCZ18w94SZQ7E=	2025-05-25 13:18:17.171999+00	f	BUFFFET			mael.vlaj31@gmail.com	f	t	2025-05-25 13:18:16.805953+00
110	pbkdf2_sha256$600000$0e4Eclxrd2Locnm4cyVFp7$9CIV7UcIcp2+jTArltYxgSQ0iqDOUfGCTYJegLLE4hk=	2025-05-25 14:16:23.53864+00	f	leose			thiec.arthur@gmail.com	f	t	2025-05-25 14:16:23.338943+00
111	pbkdf2_sha256$600000$fVy0Y82JfgcM3TPDVvmLuF$w14mLRjXSwV4f8/pXVXuRX0VINqCYdWE/eTiC2ii5+4=	2025-05-25 14:17:01.016737+00	f	Ladam_			adamcaze@gmail.com	f	t	2025-05-25 14:17:00.620371+00
112	pbkdf2_sha256$600000$FFGGCpQZmWqpoUmkWf0B69$MAnIhqKElqkSS6wubfk/+/RCMKMVgQafKG1hEYwxQQw=	2025-05-25 14:24:35.253779+00	f	VilloYTB			villoytb2004@gmail.com	f	t	2025-05-25 14:24:34.881135+00
113	pbkdf2_sha256$600000$R1nkg8Rpvinh6s1pk5knWr$iJj58S3ljNwmk+65CmnoQMeLs6hEbgKER1vLqJ0ucac=	2025-05-25 14:25:59.512168+00	f	Matthew			pablolebg68@gmail.com	f	t	2025-05-25 14:25:59.103382+00
114	pbkdf2_sha256$600000$rbwEdCr8Esf8LyBHr2uL9a$bIfCb6DVZZJYO9PbhJd4Rc39m1htrB5qFMYdZ42LMQI=	2025-05-25 15:28:04.935712+00	f	Vantinoo			evan.kervadec@gmail.com	f	t	2025-05-25 15:28:04.766588+00
115	pbkdf2_sha256$600000$RTMShQUJJr0LDhArPnkZnl$kkxvYIruZtt9lQ/vD7yzmFLouzZOPqPBnp81yZTuxpw=	2025-05-25 16:03:55.243023+00	f	Bastien			bastien.wargnier26@gmail.com	f	t	2025-05-25 16:03:54.703296+00
116	pbkdf2_sha256$600000$pwGMUWF0LUreRCSvsLYdhw$vDc1YS0W6/boUApxbFyEBdhQZPWsEitthut2DsCGYUA=	2025-05-25 16:24:02.825859+00	f	RatMolosss			ilianguerin78480@gmail.com	f	t	2025-05-25 16:24:02.354957+00
117	pbkdf2_sha256$600000$KvGWMpqxook8PeGz3SoFGQ$VkuCQsSXABej5u6VxCeRrayyuXrzwrkOW257z0p7Neo=	2025-05-25 16:47:01.299345+00	f	turluflute			ewan@pondaven.fr	f	t	2025-05-25 16:47:00.874675+00
118	pbkdf2_sha256$600000$CkvwVsiXs3iiUJ8IRVGiBI$vdggRldJR0i75Z/Yggp2QNMAPJ3J++2tYC0h+XcirPY=	2025-05-25 17:36:58.817044+00	f	TM_tecro			nz.tecro@gmail.com	f	t	2025-05-25 17:36:58.340511+00
91	pbkdf2_sha256$600000$xdAs1FfTd5gGXuK9rVSIme$+3tHeO2kjxQvtImkM/LfE4sXABo1qe6r17tMPnkkZjo=	2025-05-26 05:18:10.930397+00	f	MaxouDispo			ferlet.maxence@gmail.com	f	t	2025-05-23 23:20:59.094233+00
119	pbkdf2_sha256$600000$uzNFv7e9Hx7CJVvIUKhAiL$Xt43Q1/zoALE0CQ6VzxxBMyX3eIEhxYXBfL8cpkV3e8=	2025-05-25 18:53:51.989639+00	f	NOS_Master			benjiberelle@gmail.com	f	t	2025-05-25 18:53:51.357112+00
120	pbkdf2_sha256$600000$P9muXkDghR0zLXRMgNVR3I$fs6zW/QNxLCCeRJZW68U6GE5krjQaKNDxOwNjAPDCZY=	2025-05-25 19:19:20.817621+00	f	allanoytb			guillemotallan11@gmail.com	f	t	2025-05-25 19:19:20.346141+00
121	pbkdf2_sha256$600000$YqnycXJsKtK8weXXgY1rYg$oaVlIePCCDeS+ciQ2S+Ldla402pjAw70ZtJjKL7QNII=	2025-05-26 06:55:21.249503+00	f	NaKioo.			nthnlfbvr@gmail.com	f	t	2025-05-26 06:55:20.121056+00
122	pbkdf2_sha256$600000$WArk9TzOqOWxtzq05LKlAZ$ErPeUDk1Mcp3ivbVuqhpnQDNsvZ+xSJ7Yowjb0lDNnE=	2025-05-26 10:32:24.304714+00	f	YurKa_			kiliansimonnet590@gmail.com	f	t	2025-05-26 10:32:23.780868+00
123	pbkdf2_sha256$600000$RS4fijdMzTLPTNOnR1DjZF$TGfp9NH2D5zmGQUFKXzI8bBxjXXR6MUKqOYpdy2+1yc=	2025-05-26 10:50:49.796023+00	f	lada974			lesaventuresdalexis974@gmail.com	f	t	2025-05-26 10:50:49.400168+00
124	pbkdf2_sha256$600000$MG85fiOsI5WvHwieLsUKf6$lkGHovmr7OS3C8K4HTwwKsprzB9buzoW62k9UJaBKBc=	2025-05-26 14:30:31.609145+00	f	Laryox			loroxe.ltx@gmail.com	f	t	2025-05-26 14:30:31.222487+00
125	pbkdf2_sha256$600000$OLy6p2uqkoUXIl0wEU5CFb$P5Ven9np12QqNUNw/j58DsfyA3eNcClnZ+FXC5er2oo=	2025-05-26 15:47:52.180055+00	f	T_max741_T			maxmaxbes15@gmail.com	f	t	2025-05-26 15:47:51.767331+00
126	pbkdf2_sha256$600000$5drXHzfUb39dkHKdxlzIwt$vTe2+n+am+F10uAIzD0Z6l/sEEPWs8pk0dk++6IU9Y4=	2025-05-26 16:16:31.672175+00	f	Shadow425lebg			titouan.jeanbelegou@gmail.com	f	t	2025-05-26 16:16:31.133555+00
127	pbkdf2_sha256$600000$MO9BwqqLPk1YRhH1mEPmQA$bjvHE6yABErc3IlTxFJt4e8GCNH+hpgqxkcrwVL4wz4=	2025-05-26 17:20:11.034055+00	f	cratos88			stephpeure@gmail.com	f	t	2025-05-26 17:20:10.613102+00
128	pbkdf2_sha256$600000$DUIsovRFQPyJD6moyyYMbb$VuERdp167wStzyzwajybQgOO15KBM6spfzkIBiUjMhM=	2025-05-26 17:24:47.600859+00	f	Gravity_Blue			thebinnouyt@gmail.com	f	t	2025-05-26 17:24:47.235117+00
129	pbkdf2_sha256$600000$KSb76uHRZ8vgDt8zLXGwkB$SY0FL9Loo7RygmXaqs5ToEQxUvTu9ng9cReQvT+UdUY=	2025-05-26 18:03:39.630465+00	f	ClaquetteSeche			tcolfr.gaming@gmail.com	f	t	2025-05-26 18:03:39.47525+00
130	pbkdf2_sha256$600000$rVD2V5zCOyk72Xauwlhwsy$8+ENhlLWPR1v1fxHpArC1BFytJhssARcHgglt4JDc7Y=	2025-05-26 19:02:56.230063+00	f	flax			zsall2606@gmail.com	f	t	2025-05-26 19:02:56.012263+00
131	pbkdf2_sha256$600000$pIbnktJHzEj97zLsKTtqAT$sKTxVGXNvDGs5V5MagZNPxJPrK+qJwBkskrrVqJCPT0=	2025-05-26 19:15:24.139209+00	f	BedReam			alexgator54@outlook.fr	f	t	2025-05-26 19:15:23.760309+00
132	pbkdf2_sha256$600000$j4UA4vJR5gnX4TkpPm43yy$CapwATnDcsaCPASraPz2MpsuT/dsw5PN4o6UqBd23hM=	2025-05-26 19:19:48.385295+00	f	Vortex			noah2.0waly@gmail.com	f	t	2025-05-26 19:19:47.967034+00
133	pbkdf2_sha256$600000$q6o0k0wU4rlVrJ6g4trEO8$L/UGhvRzMCbjgG/QYvspmzEclNRPOhGMpA6+ibK68/Y=	2025-05-26 19:50:05.709966+00	f	SwarthyLegends			hugokerkhove7@gmail.com	f	t	2025-05-26 19:50:05.237322+00
134	pbkdf2_sha256$600000$wWGbABKHLNmjhXq0I5b504$GkSnxCG0tEMO/Yxt2Z2HACcrK/Mcf0yII9vdMdtsRzk=	2025-05-26 20:07:57.625854+00	f	Dilute			zakariasall2222@gmail.com	f	t	2025-05-26 20:07:57.315377+00
135	pbkdf2_sha256$600000$bubvhjRDMNZxcJdffajFas$Gkff2wHri2JVVkZaykLu+mKo8AGQ/jhch2O0Oc03n00=	2025-05-26 20:56:24.312452+00	f	35gab35			delaunay35.gabin@gmail.com	f	t	2025-05-26 20:56:23.970034+00
136	pbkdf2_sha256$600000$SlXVA32ooAw2TCUnJJebnd$yZKvH5KG0gftwatw2y4dO0xsroC8tEA9IVPk36g72GE=	2025-05-26 22:06:12.772055+00	f	ThreadedBard624			Dupuitsselyann@gmail.com	f	t	2025-05-26 22:06:12.604019+00
137	pbkdf2_sha256$600000$Uq4vaJTAdkDetbsvNguJKJ$Q0bEgDgFOoI/d3NVUCceRJGDhn+qkCWxRNEZhxZoULc=	2025-05-26 22:25:14.277509+00	f	zTiozL			zztiozll@gmail.com	f	t	2025-05-26 22:25:13.871434+00
138	pbkdf2_sha256$600000$Wfcg6st9dHLjglUcKaVUWK$Dz5fpq3S7zrJxpzqClbCVbJ1IAyjl5x00RCTAa2dslQ=	2025-05-27 10:10:46.181697+00	f	wsxhtyrs			roler15597@frisbook.com	f	t	2025-05-27 10:10:46.022564+00
139	pbkdf2_sha256$600000$mcx1Je7gi4jodGDOkq0Jjj$9A5xyaESSChy+JTa8T3RZkCutBOduXFhIr8StFrWu9s=	2025-05-27 11:58:59.312242+00	f	Pulcool			thomaskurcek@hotmail.fr	f	t	2025-05-27 11:58:58.798862+00
140	pbkdf2_sha256$600000$n8eYJkZE7D8PJUWKRIWJo2$yD/RLb/tBksGoGdBLJhcbuHBltMhv/5HmJC1cKg0ikw=	2025-05-27 14:06:40.839959+00	f	Val			valentin.ladrait@gmail.com	f	t	2025-05-27 14:06:40.241221+00
141	pbkdf2_sha256$600000$YIoWzbmkmAD9Ux42FjtcKg$w9xkghJkwSWaucY6esA7wCAw9DLX7GB2UBlKqhRhOto=	2025-05-27 15:38:12.369392+00	f	tachentuche			germagnane@gmail.com	f	t	2025-05-27 15:38:11.895609+00
142	pbkdf2_sha256$600000$BgZtFg71YrnVPQmsXQWepo$CYN+BtQFTgOTw0q0elHCRunLwq8T4iEo4S1F1c4elP8=	2025-05-27 15:58:18.267159+00	f	ElTwiten			mathismeyrieux@gmail.com	f	t	2025-05-27 15:58:17.856607+00
143	pbkdf2_sha256$600000$403OKa9w3Z1boJZIyIsdXZ$9O9ZIzNzVrYe1GMpvXVOqSylnBgCyG8kdGvNwsqq3v0=	2025-05-27 16:00:17.853867+00	f	mathis00500			guuymaths@gmail.com	f	t	2025-05-27 16:00:17.251888+00
144	pbkdf2_sha256$600000$pIkIrsms7Hne7MquIGvsIP$3I2YSU3P298Ai2SIvwvJAXESTOAksKQ+AGVR1XuwB2U=	2025-05-27 16:06:55.930117+00	f	Juvgau			gauvritjuju@gmail.com	f	t	2025-05-27 16:06:55.533807+00
145	pbkdf2_sha256$600000$1Ghrt53S9DUBrnpI9BjXjS$/bRHd2eJUve34QaVKkvJrllXRXK4OEATX4bCYoZB/2k=	2025-05-27 16:53:53.068674+00	f	ErthorFR			erthorfr@gmail.com	f	t	2025-05-27 16:53:52.87444+00
146	pbkdf2_sha256$600000$Dc692E1OkeS0IyamnAgOTi$XdNITLS0j3NTR+Ek/zWVfC75wncRvFbLWpjeVbff1oI=	2025-05-27 19:11:07.731115+00	f	xadvaofficiel			xadvaofficiel@hotmail.com	f	t	2025-05-27 19:11:07.218133+00
147	pbkdf2_sha256$600000$KQd0Ojc9rKGCOHzGpS2gfH$bjPlpeOwABkqWaukJBc2lxoPMLZmtqscH71J7eE1dg0=	2025-05-27 19:51:15.305434+00	f	Nono_Raptor			nonoraptor05@gmail.com	f	t	2025-05-27 19:51:14.938957+00
154	pbkdf2_sha256$600000$f8Nu8sOtExKvaomV2vkrA4$4OJKO2Mt0ATLX15NYJ7yC43wwtyrPhgnlud349Fvu8E=	2025-05-30 09:51:25.497889+00	f	deltajdu68			deltajdu68fr@gmail.com	f	t	2025-05-28 14:34:11.059505+00
149	pbkdf2_sha256$600000$AXxROHb8hZkj9aUaLYDZmd$o/fE6lyyuCjSRxHPhdh1JPgjreGU81Z/Nwzl2IHGBU0=	2025-05-28 10:49:49.656037+00	f	BarerSolid37654			lecourttimeho@gmail.com	f	t	2025-05-28 10:49:49.274575+00
150	pbkdf2_sha256$600000$3f00ODXBTp3H5W10A4svNI$j8UUVREixnDawQgcT4/s3honjC5lgkx6X7iLybfmt1M=	2025-05-28 11:39:58.140461+00	f	MissilesPredator			t.pinet@icloud.com	f	t	2025-05-28 11:39:57.665794+00
151	pbkdf2_sha256$600000$yIWXIJRvSWC7SP2oa49URu$GBayDspwKClBCpqE1i5+l3gAknvq807ImDjB+cP6dlo=	2025-05-28 12:38:46.52989+00	f	Asmog			victorvandaele89@icloud.com	f	t	2025-05-28 12:38:46.123644+00
152	pbkdf2_sha256$600000$ac4sTwItVmAhKto8XFqI1k$owrrvHPaB4ZycWquTddi7fuztThg34eS7sAACBQ1PHA=	2025-05-28 12:43:17.837093+00	f	Sticky392920			freezeure09@gmail.com	f	t	2025-05-28 12:43:17.424141+00
153	pbkdf2_sha256$600000$0BYb5gjwjgn3AY90EFQfZ6$fa8Jq+5g5DpeqEuCr0lSnfC0Q0sbt59TGe3e+QqqB9A=	2025-05-28 14:12:38.07478+00	f	Hugogo			xaloup@icloud.com	f	t	2025-05-28 14:12:37.650348+00
155	pbkdf2_sha256$600000$Q5R8OnWG30zc9lolhqoCrL$SUv7ioyXc9eoDpbXsIPT9awFQGdb37YhEfggIgfGaxY=	2025-05-28 15:05:32.222741+00	f	guigui67100			guillaume.becker2013@gmail.com	f	t	2025-05-28 15:05:31.82044+00
156	pbkdf2_sha256$600000$vbM2jv5VVyx766xbgZvWVa$uPIPoTIwhltEvF/QT+RQ2wir6ZnoHY9v+q8yyiR6hlI=	2025-05-28 15:09:33.7682+00	f	Tzk			mathislagache08@gmail.com	f	t	2025-05-28 15:09:33.38952+00
157	pbkdf2_sha256$600000$8ceO3Atbo1zlwayAluJ5hc$y227oZRoCOq7c3dBVfuXxXaf5eKm6b/hbhuJzjYhylI=	2025-05-28 18:47:41.528172+00	f	RoiManolo			imanol.martinez34@free.fr	f	t	2025-05-28 18:47:41.060187+00
158	pbkdf2_sha256$600000$eDTH2xjILdrBO3tbSo66Iy$ftr5d3KOXfpRWZRYdpd0yiUWmwJzhvZVyQDztZ1QV94=	2025-05-28 22:29:35.037999+00	f	SENSnaPy			yann.bp@outlook.fr	f	t	2025-05-28 22:29:34.614938+00
159	pbkdf2_sha256$600000$YutHounOhEcsPwDByn52g1$6T03BSM7uA8/nRQZaZpJdY+EsCNoVPSNESxnCd0ogiY=	2025-05-29 07:34:47.181547+00	f	Nartebike			audelon.anthony@gmail.com	f	t	2025-05-29 07:34:46.78723+00
148	pbkdf2_sha256$600000$gHT8ub71EZrAa5zMkKQ3dg$mc3GYdvQ92L+MTTvmPohXtyjMYx6X/o8VYZgrXq4v5U=	2025-05-29 17:54:07.400545+00	f	rufle_			jonnardrobin@gmail.com	f	t	2025-05-28 09:42:36.548597+00
160	pbkdf2_sha256$600000$HCEXYzE9BzWZfTSFYCTN2z$NzI8eF1K2XQbavXJXCCMGdtEMenoWN2Y5nOROnyBi5I=	2025-05-30 10:00:29.186824+00	f	Yngam85			iban.foucaud@gmail.com	f	t	2025-05-30 10:00:28.534027+00
161	pbkdf2_sha256$600000$jR8aWcyJ7RZYu7NOgun1nF$6ZOYDtVKsizTIhx7n+5jJtUko9W+mkQVwS95I4Zmt8o=	2025-05-30 10:48:23.583988+00	f	gaelovitche			jeanpol1405@gmail.com	f	t	2025-05-30 10:14:11.509815+00
\.


--
-- Data for Name: auth_user_groups; Type: TABLE DATA; Schema: public; Owner: novania_db_user
--

COPY public.auth_user_groups (id, user_id, group_id) FROM stdin;
\.


--
-- Data for Name: auth_user_user_permissions; Type: TABLE DATA; Schema: public; Owner: novania_db_user
--

COPY public.auth_user_user_permissions (id, user_id, permission_id) FROM stdin;
\.


--
-- Data for Name: django_admin_log; Type: TABLE DATA; Schema: public; Owner: novania_db_user
--

COPY public.django_admin_log (id, action_time, object_id, object_repr, action_flag, change_message, content_type_id, user_id) FROM stdin;
1	2025-05-01 15:48:44.364737+00	1	SoCook (Administrator)	1	[{"added": {}}]	11	1
2	2025-05-01 15:49:28.127091+00	2	karatoss (Administrator)	1	[{"added": {}}]	11	1
3	2025-05-01 15:50:31.294368+00	3	Betaking (Administrator)	1	[{"added": {}}]	11	1
4	2025-05-01 15:56:57.268254+00	1	Hero	1	[{"added": {}}]	9	1
5	2025-05-01 15:57:29.72137+00	2	Champion	1	[{"added": {}}]	9	1
6	2025-05-01 15:57:58.685475+00	3	Titan	1	[{"added": {}}]	9	1
7	2025-05-01 15:59:32.496516+00	4	Deity	1	[{"added": {}}]	9	1
8	2025-05-01 15:59:42.681614+00	2	Champion	2	[{"changed": {"fields": ["Description"]}}]	9	1
9	2025-05-01 15:59:50.425173+00	3	Titan	2	[{"changed": {"fields": ["Description"]}}]	9	1
10	2025-05-01 16:00:02.069745+00	1	Hero	2	[{"changed": {"fields": ["Description"]}}]	9	1
11	2025-05-01 16:01:58.777085+00	1	Hero	2	[{"changed": {"fields": ["Description"]}}]	9	1
12	2025-05-01 16:02:04.982467+00	2	Champion	2	[{"changed": {"fields": ["Description"]}}]	9	1
13	2025-05-01 16:02:12.788218+00	3	Titan	2	[{"changed": {"fields": ["Description"]}}]	9	1
14	2025-05-01 16:02:17.425662+00	4	Deity	2	[{"changed": {"fields": ["Description"]}}]	9	1
15	2025-05-01 16:20:21.189595+00	4	Deity	2	[{"changed": {"fields": ["Features"]}}]	9	1
16	2025-05-01 16:20:27.188794+00	2	Champion	2	[{"changed": {"fields": ["Features"]}}]	9	1
17	2025-05-01 16:20:32.638019+00	3	Titan	2	[{"changed": {"fields": ["Features"]}}]	9	1
18	2025-05-01 16:20:43.53251+00	4	Deity	2	[{"changed": {"fields": ["Features"]}}]	9	1
19	2025-05-01 16:20:49.631006+00	3	Titan	2	[]	9	1
20	2025-05-01 16:20:57.539545+00	2	Champion	2	[]	9	1
21	2025-05-01 16:21:02.204163+00	1	Hero	2	[{"changed": {"fields": ["Features"]}}]	9	1
22	2025-05-01 16:23:01.297951+00	1	Hero	2	[{"changed": {"fields": ["Features"]}}]	9	1
23	2025-05-01 16:23:06.961475+00	2	Champion	2	[{"changed": {"fields": ["Features"]}}]	9	1
24	2025-05-01 16:23:16.322354+00	3	Titan	2	[{"changed": {"fields": ["Features"]}}]	9	1
25	2025-05-01 16:23:22.584704+00	4	Deity	2	[{"changed": {"fields": ["Features"]}}]	9	1
26	2025-05-03 14:29:59.713609+00	2	Champion	2	[{"changed": {"fields": ["Features"]}}]	9	1
27	2025-05-03 15:21:02.348919+00	1	Hero	2	[{"changed": {"fields": ["Features"]}}]	9	1
28	2025-05-03 15:21:14.546017+00	1	Hero	2	[{"changed": {"fields": ["Features"]}}]	9	1
29	2025-05-03 15:21:41.692207+00	2	Champion	2	[{"changed": {"fields": ["Features"]}}]	9	1
30	2025-05-03 15:22:03.055225+00	3	Titan	2	[{"changed": {"fields": ["Features"]}}]	9	1
31	2025-05-03 15:22:29.683456+00	4	Deity	2	[{"changed": {"fields": ["Features"]}}]	9	1
32	2025-05-03 15:25:20.67105+00	1	Hero	2	[{"changed": {"fields": ["Features"]}}]	9	1
33	2025-05-03 15:25:31.567115+00	3	Titan	2	[{"changed": {"fields": ["Features"]}}]	9	1
34	2025-05-03 15:25:40.933115+00	2	Champion	2	[{"changed": {"fields": ["Features"]}}]	9	1
35	2025-05-03 15:25:45.491421+00	3	Titan	2	[{"changed": {"fields": ["Features"]}}]	9	1
36	2025-05-03 15:25:54.200137+00	4	Deity	2	[{"changed": {"fields": ["Features"]}}]	9	1
37	2025-05-03 15:26:24.486338+00	1	Hero	2	[{"changed": {"fields": ["Features"]}}]	9	1
38	2025-05-03 15:39:15.494474+00	3	Titan	2	[{"changed": {"fields": ["Features"]}}]	9	1
39	2025-05-03 15:40:14.73938+00	4	Deity	2	[{"changed": {"fields": ["Features"]}}]	9	1
40	2025-05-03 15:52:41.401644+00	1	Hero	2	[{"changed": {"fields": ["Features"]}}]	9	1
41	2025-05-03 15:53:23.727763+00	1	Hero	2	[{"changed": {"fields": ["Features"]}}]	9	1
42	2025-05-03 15:53:36.298143+00	4	Deity	2	[{"changed": {"fields": ["Features"]}}]	9	1
43	2025-05-03 15:53:50.533812+00	2	Champion	2	[{"changed": {"fields": ["Features"]}}]	9	1
44	2025-05-03 15:54:00.631315+00	3	Titan	2	[{"changed": {"fields": ["Features"]}}]	9	1
45	2025-05-03 16:01:12.684008+00	1	Hero	2	[{"changed": {"fields": ["Features"]}}]	9	1
46	2025-05-03 16:02:33.201936+00	1	Hero	2	[{"changed": {"fields": ["Features"]}}]	9	1
47	2025-05-03 16:05:17.972649+00	2	Champion	2	[]	9	1
48	2025-05-03 16:06:53.761451+00	1	Hero	2	[]	9	1
49	2025-05-03 16:07:05.246708+00	4	Deity	2	[{"changed": {"fields": ["Features"]}}]	9	1
50	2025-05-03 16:12:12.424904+00	1	Hero	2	[{"changed": {"fields": ["Features"]}}]	9	1
51	2025-05-03 16:26:43.722177+00	4	Deity	2	[{"changed": {"fields": ["Features"]}}]	9	1
52	2025-05-03 17:09:58.314866+00	1	Hero	2	[{"changed": {"fields": ["Kit image"]}}]	9	1
53	2025-05-03 17:59:53.067883+00	2	Champion	2	[{"changed": {"fields": ["Kit image"]}}]	9	1
54	2025-05-03 18:00:02.57625+00	3	Titan	2	[{"changed": {"fields": ["Kit image"]}}]	9	1
55	2025-05-03 18:00:11.631267+00	4	Deity	2	[{"changed": {"fields": ["Kit image"]}}]	9	1
56	2025-05-03 18:15:48.198298+00	1	Player Head	1	[{"added": {}}]	16	1
57	2025-05-03 18:26:09.124735+00	1	Hero	2	[{"changed": {"fields": ["Price"]}}]	9	1
58	2025-05-03 19:20:45.023496+00	4	Deity	2	[{"changed": {"fields": ["Price"]}}]	9	1
59	2025-05-03 19:21:11.000703+00	1	EnzoLaPicole - Hero	3		15	1
60	2025-05-03 19:24:51.329064+00	1	Hero	2	[{"changed": {"fields": ["Price"]}}]	9	1
61	2025-05-03 19:24:55.989679+00	4	Deity	2	[{"changed": {"fields": ["Price"]}}]	9	1
62	2025-05-03 19:40:56.322375+00	2	EnzoLaPicole - Deity	3		15	1
63	2025-05-03 19:59:22.348128+00	1	Hero	2	[{"changed": {"fields": ["Price"]}}]	9	1
64	2025-05-04 08:55:44.258654+00	1	Hero	2	[{"changed": {"fields": ["Price"]}}]	9	1
65	2025-05-04 09:17:24.439659+00	3	karatoss - Hero	2	[{"changed": {"fields": ["User"]}}]	15	1
66	2025-05-04 09:26:45.874799+00	3	EnzoLaPicole - Hero	2	[{"changed": {"fields": ["User"]}}]	15	1
67	2025-05-04 10:01:27.168569+00	3	karatoss - Hero	2	[{"changed": {"fields": ["User"]}}]	15	1
68	2025-05-04 10:01:45.040141+00	1	Hero	2	[{"changed": {"fields": ["Price"]}}]	9	1
69	2025-05-04 10:10:32.563023+00	1	Hero	2	[{"changed": {"fields": ["Price"]}}]	9	1
70	2025-05-04 10:13:37.636077+00	3	betaking - Hero	2	[{"changed": {"fields": ["User"]}}]	15	1
71	2025-05-04 14:18:52.023626+00	4	karatoss - Hero	2	[{"changed": {"fields": ["User"]}}]	15	1
72	2025-05-04 15:01:49.318523+00	3	betaking	2	[{"changed": {"fields": ["Staff status", "Superuser status"]}}]	4	1
73	2025-05-04 15:55:27.040772+00	2	Villager egg	1	[{"added": {}}]	16	3
74	2025-05-04 15:59:30.180029+00	1	Player Head	2	[{"changed": {"fields": ["Description", "Category"]}}]	16	3
75	2025-05-04 15:59:45.933377+00	1	Player Head	2	[{"changed": {"fields": ["Description"]}}]	16	3
76	2025-05-04 16:52:39.038527+00	3	Allay egg	1	[{"added": {}}]	16	3
77	2025-05-04 16:53:22.731912+00	4	Skeleton horse egg	1	[{"added": {}}]	16	3
78	2025-05-04 16:58:04.794849+00	4	Deity	2	[{"changed": {"fields": ["Features"]}}]	9	1
79	2025-05-04 16:58:12.730156+00	3	Titan	2	[{"changed": {"fields": ["Features"]}}]	9	1
80	2025-05-04 16:58:17.242804+00	2	Champion	2	[]	9	1
81	2025-05-04 18:19:49.410113+00	5	Crazy Crate	1	[{"added": {}}]	16	3
82	2025-05-04 18:20:10.516849+00	6	Super Crazy Crate	1	[{"added": {}}]	16	3
83	2025-05-04 18:20:30.051782+00	7	Mega Crazy Crate	1	[{"added": {}}]	16	3
84	2025-05-04 18:20:46.372649+00	8	Chicken Jockey Crate	1	[{"added": {}}]	16	3
85	2025-05-05 16:26:15.262844+00	1	Hero	2	[{"changed": {"fields": ["Features"]}}]	9	1
86	2025-05-05 16:26:27.910624+00	2	Champion	2	[{"changed": {"fields": ["Features"]}}]	9	1
87	2025-05-05 16:27:37.520408+00	3	Titan	2	[{"changed": {"fields": ["Features"]}}]	9	1
88	2025-05-05 16:27:44.543934+00	4	Deity	2	[{"changed": {"fields": ["Features"]}}]	9	1
89	2025-05-05 19:41:04.894272+00	5	Iron Crate	2	[{"changed": {"fields": ["Name", "Description"]}}]	16	3
90	2025-05-05 19:41:17.942034+00	6	Diamond Crate	2	[{"changed": {"fields": ["Name"]}}]	16	3
91	2025-05-05 19:41:26.24022+00	7	Bruh Crate	2	[{"changed": {"fields": ["Name"]}}]	16	3
92	2025-05-05 19:41:46.350874+00	5	Argent Crate	2	[{"changed": {"fields": ["Name"]}}]	16	3
93	2025-05-05 19:42:00.068611+00	6	Argent Crate	2	[{"changed": {"fields": ["Name"]}}]	16	3
94	2025-05-05 19:42:05.609157+00	5	Bronze Crate	2	[{"changed": {"fields": ["Name"]}}]	16	3
95	2025-05-05 19:42:12.599921+00	7	Golden Crate	2	[{"changed": {"fields": ["Name"]}}]	16	3
96	2025-05-05 19:43:30.448205+00	8	Oros Crate	2	[{"changed": {"fields": ["Name"]}}]	16	3
97	2025-05-05 20:23:16.06122+00	5	Bronze Crate	2	[{"changed": {"fields": ["Color code"]}}]	16	3
98	2025-05-05 20:23:29.164947+00	6	Argent Crate	2	[{"changed": {"fields": ["Color code"]}}]	16	3
99	2025-05-05 20:24:10.964882+00	7	Golden Crate	2	[{"changed": {"fields": ["Color code"]}}]	16	3
100	2025-05-05 20:24:35.712117+00	8	Oros Crate	2	[{"changed": {"fields": ["Color code"]}}]	16	3
101	2025-05-05 20:25:06.432992+00	8	Oros Crate	2	[{"changed": {"fields": ["Color code"]}}]	16	3
102	2025-05-05 20:26:00.813956+00	8	Oros Crate	2	[{"changed": {"fields": ["Color code"]}}]	16	3
103	2025-05-05 20:26:34.057436+00	6	Argent Crate	2	[{"changed": {"fields": ["Description"]}}]	16	3
104	2025-05-05 20:26:53.338992+00	7	Golden Crate	2	[{"changed": {"fields": ["Description"]}}]	16	3
105	2025-05-05 20:27:32.369921+00	8	Oros Crate	2	[{"changed": {"fields": ["Description"]}}]	16	3
106	2025-05-15 08:10:17.235356+00	4	Divinit	2	[{"changed": {"fields": ["Name", "Description", "Features"]}}]	9	1
107	2025-05-15 08:11:42.484018+00	3	Titan	2	[{"changed": {"fields": ["Description", "Features"]}}]	9	1
108	2025-05-15 08:11:54.121659+00	4	Divinit	2	[{"changed": {"fields": ["Features"]}}]	9	1
109	2025-05-15 08:13:09.627275+00	2	Champion	2	[{"changed": {"fields": ["Description", "Features"]}}]	9	1
110	2025-05-15 08:14:31.395983+00	1	Hros	2	[{"changed": {"fields": ["Name", "Description", "Features"]}}]	9	1
111	2025-05-15 08:15:44.452164+00	8	Coffre Oros	2	[{"changed": {"fields": ["Name", "Description"]}}]	16	1
112	2025-05-15 08:16:06.62476+00	7	Coffre Golden	2	[{"changed": {"fields": ["Name", "Description"]}}]	16	1
113	2025-05-15 08:16:33.305932+00	6	Coffre Argent	2	[{"changed": {"fields": ["Name", "Description"]}}]	16	1
114	2025-05-15 08:17:30.376687+00	5	Coffre de Bronze	2	[{"changed": {"fields": ["Name", "Description"]}}]	16	1
115	2025-05-15 08:17:37.378296+00	6	Coffre d'Argent	2	[{"changed": {"fields": ["Name"]}}]	16	1
116	2025-05-15 08:18:00.009693+00	7	Coffre Dor	2	[{"changed": {"fields": ["Name"]}}]	16	1
117	2025-05-15 08:18:17.441636+00	4	uf de cheval squelette	2	[{"changed": {"fields": ["Name", "Description"]}}]	16	1
118	2025-05-15 08:18:53.262475+00	3	uf d'Allay	2	[{"changed": {"fields": ["Name", "Description"]}}]	16	1
119	2025-05-15 08:19:25.949639+00	2	uf de Villageois	2	[{"changed": {"fields": ["Name", "Description"]}}]	16	1
120	2025-05-15 08:20:07.126104+00	1	Tte de joueur	2	[{"changed": {"fields": ["Name", "Description"]}}]	16	1
121	2025-05-15 08:30:14.840827+00	1	Pas d'exploitation de bugs	1	[{"added": {}}]	10	1
122	2025-05-15 08:30:39.073577+00	2	Pas de Hack ou de Triche	1	[{"added": {}}]	10	1
123	2025-05-15 08:30:53.14697+00	3	Mods autoriss	1	[{"added": {}}]	10	1
124	2025-05-15 08:31:07.471937+00	4	Pas de harclement	1	[{"added": {}}]	10	1
125	2025-05-15 08:31:24.703621+00	5	Pas de spam dans le chat	1	[{"added": {}}]	10	1
126	2025-05-15 08:31:44.763672+00	6	Politique de publicit	1	[{"added": {}}]	10	1
127	2025-05-15 08:32:20.145072+00	7	Fermes automatiques	1	[{"added": {}}]	10	1
128	2025-05-15 08:32:59.12967+00	8	Restriction multi-comptes	1	[{"added": {}}]	10	1
129	2025-05-15 08:33:18.639707+00	9	Protection du terrain	1	[{"added": {}}]	10	1
130	2025-05-16 19:00:11.71132+00	1	Hros	2	[{"changed": {"fields": ["Price"]}}]	9	1
131	2025-05-16 19:22:49.539481+00	5	EnzoLaPicole - Hros	3		15	1
132	2025-05-16 19:22:52.547381+00	4	karatoss - Hros	3		15	1
133	2025-05-16 19:22:55.514765+00	3	betaking - Hros	3		15	1
134	2025-05-16 19:25:56.699717+00	6	EnzoLaPicole - Hros	3		15	1
135	2025-05-16 19:30:24.979414+00	2	Champion	2	[{"changed": {"fields": ["Price"]}}]	9	1
136	2025-05-16 19:30:35.702279+00	7	EnzoLaPicole - Hros	3		15	1
137	2025-05-16 19:36:54.810761+00	8	EnzoLaPicole - Champion	3		15	1
138	2025-05-16 19:46:30.937095+00	9	EnzoLaPicole - Hros	3		15	1
139	2025-05-16 19:47:57.872289+00	10	EnzoLaPicole - Hros	3		15	1
140	2025-05-16 20:04:29.329736+00	11	EnzoLaPicole - Hros	3		15	1
141	2025-05-17 08:28:29.526226+00	12	EnzoLaPicole - Hros	3		15	1
142	2025-05-17 08:47:28.207843+00	13	EnzoLaPicole - Champion	3		15	1
143	2025-05-17 08:53:10.01324+00	2	Champion	2	[{"changed": {"fields": ["Price"]}}]	9	1
144	2025-05-17 08:53:14.386955+00	1	Hros	2	[{"changed": {"fields": ["Price"]}}]	9	1
145	2025-05-18 18:52:44.432028+00	4	Dahtz	3		4	1
146	2025-05-19 19:28:25.781176+00	1	Hros	2	[{"changed": {"fields": ["Features"]}}]	9	1
147	2025-05-20 07:48:00.83429+00	8	Coffre Oros	2	[{"changed": {"fields": ["Price"]}}]	16	1
148	2025-05-20 07:51:06.312364+00	14	EnzoLaPicole - Hros	3		15	1
149	2025-05-20 07:51:13.55295+00	1	Hros	2	[{"changed": {"fields": ["Price"]}}]	9	1
150	2025-05-20 08:12:35.41013+00	15	EnzoLaPicole - Hros	3		15	1
151	2025-05-20 08:15:21.958307+00	16	EnzoLaPicole - Hros	3		15	1
152	2025-05-20 08:26:31.340314+00	2	uf de Villageois	2	[{"changed": {"fields": ["Price"]}}]	16	1
153	2025-05-20 08:29:13.175151+00	1	Hros	2	[{"changed": {"fields": ["Price"]}}]	9	1
154	2025-05-20 08:29:54.609421+00	8	Coffre Oros	2	[{"changed": {"fields": ["Price"]}}]	16	1
155	2025-05-20 08:30:01.407999+00	2	uf de Villageois	2	[{"changed": {"fields": ["Price"]}}]	16	1
156	2025-05-20 08:30:08.386078+00	3	uf d'Allay	2	[{"changed": {"fields": ["Price"]}}]	16	1
157	2025-05-20 08:30:13.887511+00	4	uf de cheval squelette	2	[{"changed": {"fields": ["Price"]}}]	16	1
158	2025-05-20 09:25:15.289148+00	6	EnzoLaPicole - uf de Villageois x3	3		17	1
159	2025-05-20 09:25:20.698942+00	5	EnzoLaPicole - uf de Villageois x5	3		17	1
160	2025-05-20 09:25:24.557389+00	4	EnzoLaPicole - Coffre Oros x5	3		17	1
161	2025-05-20 09:25:31.007902+00	3	EnzoLaPicole - Coffre Oros x5	3		17	1
162	2025-05-20 09:25:34.476022+00	2	EnzoLaPicole - Coffre Oros x5	3		17	1
163	2025-05-20 09:25:38.329708+00	1	EnzoLaPicole - Coffre Oros x4	3		17	1
164	2025-05-20 09:26:10.097773+00	18	EnzoLaPicole - Hros	3		15	1
165	2025-05-20 09:26:14.109096+00	17	karatoss - Hros (Gift from EnzoLaPicole)	3		15	1
166	2025-05-20 09:37:52.171627+00	1	Hros	2	[{"changed": {"fields": ["Features"]}}]	9	1
167	2025-05-20 09:38:00.817115+00	2	Champion	2	[{"changed": {"fields": ["Features"]}}]	9	1
168	2025-05-20 09:38:08.758506+00	3	Titan	2	[{"changed": {"fields": ["Features"]}}]	9	1
169	2025-05-20 09:38:17.710468+00	4	Divinit	2	[{"changed": {"fields": ["Features"]}}]	9	1
170	2025-05-20 14:31:35.999851+00	4	SgtCartoon (Moderator)	1	[{"added": {}}]	11	1
171	2025-05-20 14:32:14.456319+00	4	SgtCartoon (Moderator)	2	[{"changed": {"fields": ["Discord username"]}}]	11	1
172	2025-05-20 14:38:48.673958+00	4	SgtCartoon (Moderator)	2	[{"changed": {"fields": ["Description"]}}]	11	1
173	2025-05-20 14:42:03.936814+00	4	SgtCartoon (Moderator)	2	[{"changed": {"fields": ["Description"]}}]	11	1
174	2025-05-20 14:42:16.162595+00	17	Profil de SergentCartoon@gmail.com	2	[]	14	1
175	2025-05-20 14:42:21.313101+00	4	SgtCartoon (Moderator)	2	[{"changed": {"fields": ["Minecraft uuid"]}}]	11	1
176	2025-05-20 14:42:33.011401+00	1	SoCook (Administrator)	2	[{"changed": {"fields": ["Discord username"]}}]	11	1
177	2025-05-20 14:42:53.704605+00	1	SoCook (Administrator)	2	[{"changed": {"fields": ["Description"]}}]	11	1
178	2025-05-20 14:43:04.412979+00	2	karatoss (Administrator)	2	[{"changed": {"fields": ["Description"]}}]	11	1
179	2025-05-20 14:43:14.374346+00	3	Betaking (Administrator)	2	[{"changed": {"fields": ["Description"]}}]	11	1
180	2025-05-20 14:43:26.047557+00	3	Betaking (Administrator)	2	[{"changed": {"fields": ["Discord username"]}}]	11	1
181	2025-05-20 14:43:42.111207+00	2	karatoss (Administrator)	2	[{"changed": {"fields": ["Discord username"]}}]	11	1
182	2025-05-20 14:55:19.071752+00	23	xxpower3@hotmail.com	3		4	1
183	2025-05-20 14:57:44.81267+00	20	Dahtz - Hros (Gift from EnzoLaPicole)	1	[{"added": {}}]	15	1
184	2025-05-20 14:57:49.897636+00	19	Mathis - Hros	2	[]	15	1
185	2025-05-20 19:04:37.664386+00	22	EnzoLaPicole - Titan	1	[{"added": {}}]	15	1
186	2025-05-20 20:21:54.967908+00	23	duck1887 - Hros (Gift from EnzoLaPicole)	1	[{"added": {}}]	15	1
187	2025-05-21 09:22:33.774065+00	22	EnzoLaPicole - Titan	3		15	1
188	2025-05-25 20:45:15.741832+00	36	sitronn10 - Champion	3		15	1
189	2025-05-26 10:58:37.146818+00	9	Protection du terrain	3		10	1
190	2025-05-26 10:58:40.458152+00	8	Restriction multi-comptes	3		10	1
191	2025-05-26 10:58:43.577188+00	7	Fermes automatiques	3		10	1
192	2025-05-26 10:58:47.366491+00	6	Politique de publicit	3		10	1
193	2025-05-26 10:58:50.876181+00	5	Pas de spam dans le chat	3		10	1
194	2025-05-26 10:58:54.637536+00	4	Pas de harclement	3		10	1
195	2025-05-26 10:58:57.587353+00	3	Mods autoriss	3		10	1
196	2025-05-26 10:59:01.088747+00	2	Pas de Hack ou de Triche	3		10	1
197	2025-05-26 10:59:04.275924+00	1	Pas d'exploitation de bugs	3		10	1
198	2025-05-26 10:59:53.318056+00	10	Triche, exploitation de bugs et comptes alternatifs	1	[{"added": {}}]	10	1
199	2025-05-26 11:00:34.840248+00	10	Triche, exploitation de bugs et comptes alternatifs	2	[]	10	1
200	2025-05-26 11:00:55.363361+00	11	Comportement et chat	1	[{"added": {}}]	10	1
201	2025-05-26 11:01:00.900089+00	11	Comportement et chat	2	[]	10	1
202	2025-05-26 11:01:28.537603+00	12	Grief	1	[{"added": {}}]	10	1
203	2025-05-27 12:53:42.482238+00	5	Premium (Mensuel)	1	[{"added": {}}]	9	1
204	2025-05-27 12:55:18.269309+00	3	Titan	2	[]	9	1
205	2025-05-27 12:57:04.366183+00	5	Premium (Mensuel)	2	[{"changed": {"fields": ["Description", "Features"]}}]	9	1
206	2025-05-27 12:57:49.220255+00	5	Premium (Mensuel)	2	[{"changed": {"fields": ["Is donation"]}}]	9	1
207	2025-05-27 13:58:37.749609+00	5	Premium (Mensuel)	2	[{"changed": {"fields": ["Price"]}}]	9	1
208	2025-05-27 13:59:03.903117+00	5	Premium (Mensuel)	2	[{"changed": {"fields": ["Price"]}}]	9	1
209	2025-05-27 14:04:13.2764+00	42	EnzoLaPicole - Premium	3		15	1
210	2025-05-27 14:04:47.004838+00	5	Premium (Mensuel)	2	[{"changed": {"fields": ["Price"]}}]	9	1
211	2025-05-27 14:05:23.316455+00	5	Premium (Mensuel)	2	[{"changed": {"fields": ["Price"]}}]	9	1
212	2025-05-27 14:10:51.797108+00	43	EnzoLaPicole - Premium	3		15	1
213	2025-05-27 14:30:29.922677+00	4	Divinit	2	[{"changed": {"fields": ["Features"]}}]	9	1
214	2025-05-27 14:30:36.903909+00	3	Titan	2	[{"changed": {"fields": ["Features"]}}]	9	1
215	2025-05-27 14:30:46.063179+00	2	Champion	2	[{"changed": {"fields": ["Features"]}}]	9	1
216	2025-05-27 14:30:54.702929+00	1	Hros	2	[{"changed": {"fields": ["Features"]}}]	9	1
217	2025-05-27 15:22:31.305968+00	5	Premium (Mensuel)	2	[{"changed": {"fields": ["Features"]}}]	9	1
218	2025-05-27 15:34:48.429529+00	5	Premium (Mensuel)	2	[{"changed": {"fields": ["Price"]}}]	9	1
219	2025-05-27 15:45:46.068294+00	5	Premium (Mensuel)	2	[{"changed": {"fields": ["Price"]}}]	9	1
220	2025-05-27 18:51:57.900821+00	5	Premium (Mensuel)	2	[{"changed": {"fields": ["Price"]}}]	9	1
221	2025-05-27 20:59:30.223776+00	5	mallonee (Helper)	1	[{"added": {}}]	11	1
222	2025-05-27 21:00:18.604365+00	6	ChenkoV1 (Helper)	1	[{"added": {}}]	11	1
223	2025-05-28 07:05:42.414826+00	124	Profil de Laryox	2	[]	14	1
224	2025-05-29 12:21:56.685431+00	4	Divinit	2	[{"changed": {"fields": ["Features"]}}]	9	1
225	2025-05-29 12:22:01.225377+00	3	Titan	2	[{"changed": {"fields": ["Features"]}}]	9	1
226	2025-05-29 12:22:06.322732+00	2	Champion	2	[{"changed": {"fields": ["Features"]}}]	9	1
227	2025-05-29 12:22:11.195+00	1	Hros	2	[{"changed": {"fields": ["Features"]}}]	9	1
228	2025-05-30 09:55:56.795094+00	5	Premium (Mensuel)	2	[{"changed": {"fields": ["Features"]}}]	9	1
\.


--
-- Data for Name: django_content_type; Type: TABLE DATA; Schema: public; Owner: novania_db_user
--

COPY public.django_content_type (id, app_label, model) FROM stdin;
1	admin	logentry
2	auth	permission
3	auth	group
4	auth	user
5	contenttypes	contenttype
6	sessions	session
7	minecraft_app	dynamicmappoint
8	minecraft_app	nation
9	minecraft_app	rank
10	minecraft_app	serverrule
11	minecraft_app	staffmember
12	minecraft_app	town
13	minecraft_app	townyserver
14	minecraft_app	userprofile
15	minecraft_app	userpurchase
16	minecraft_app	storeitem
17	minecraft_app	storeitempurchase
18	minecraft_app	cartitem
19	minecraft_app	webhookerror
20	minecraft_app	usersubscription
\.


--
-- Data for Name: django_migrations; Type: TABLE DATA; Schema: public; Owner: novania_db_user
--

COPY public.django_migrations (id, app, name, applied) FROM stdin;
1	contenttypes	0001_initial	2025-05-01 15:24:48.714475+00
2	auth	0001_initial	2025-05-01 15:24:48.785131+00
3	admin	0001_initial	2025-05-01 15:24:48.797447+00
4	admin	0002_logentry_remove_auto_add	2025-05-01 15:24:48.801652+00
5	admin	0003_logentry_add_action_flag_choices	2025-05-01 15:24:48.806589+00
6	contenttypes	0002_remove_content_type_name	2025-05-01 15:24:48.827033+00
7	auth	0002_alter_permission_name_max_length	2025-05-01 15:24:48.83282+00
8	auth	0003_alter_user_email_max_length	2025-05-01 15:24:48.838125+00
9	auth	0004_alter_user_username_opts	2025-05-01 15:24:48.84272+00
10	auth	0005_alter_user_last_login_null	2025-05-01 15:24:48.847511+00
11	auth	0006_require_contenttypes_0002	2025-05-01 15:24:48.851908+00
12	auth	0007_alter_validators_add_error_messages	2025-05-01 15:24:48.857144+00
13	auth	0008_alter_user_username_max_length	2025-05-01 15:24:48.865317+00
14	auth	0009_alter_user_last_name_max_length	2025-05-01 15:24:48.870268+00
15	auth	0010_alter_group_name_max_length	2025-05-01 15:24:48.876786+00
16	auth	0011_update_proxy_permissions	2025-05-01 15:24:48.881904+00
17	auth	0012_alter_user_first_name_max_length	2025-05-01 15:24:48.886969+00
18	minecraft_app	0001_initial	2025-05-01 15:24:48.896976+00
19	minecraft_app	0002_dynamicmappoint_nation_newspost_rank_serverrule_and_more	2025-05-01 15:24:48.961971+00
20	minecraft_app	0003_remove_newspost	2025-05-01 15:24:48.969186+00
21	minecraft_app	0004_alter_dynamicmappoint_location_x_and_more	2025-05-01 15:24:48.987726+00
22	minecraft_app	0005_userprofile	2025-05-01 15:24:49.001937+00
23	minecraft_app	0006_userpurchase	2025-05-01 15:24:49.019787+00
24	minecraft_app	0007_alter_townyserver_ip_address_alter_townyserver_name	2025-05-01 15:24:49.023487+00
25	minecraft_app	0008_storeitem_storeitempurchase_cartitem	2025-05-01 15:24:49.080078+00
26	minecraft_app	0009_webhookerror	2025-05-01 15:24:49.090524+00
27	minecraft_app	0010_userpurchase_gifted_by_userpurchase_is_gift	2025-05-01 15:24:49.116357+00
28	sessions	0001_initial	2025-05-01 15:24:49.126613+00
29	minecraft_app	0011_rank_features_alter_userpurchase_amount	2025-05-01 16:19:41.399533+00
30	minecraft_app	0012_rank_kit_image	2025-05-03 16:52:10.863785+00
31	minecraft_app	0013_alter_rank_kit_image	2025-05-03 17:07:31.287779+00
32	minecraft_app	0014_cartitem_metadata	2025-05-03 19:56:24.200997+00
33	minecraft_app	0015_alter_townyserver_version	2025-05-16 21:35:51.145252+00
34	minecraft_app	0016_rank_duration_type_rank_exclude_from_discounts_and_more	2025-05-27 12:49:22.491293+00
\.


--
-- Data for Name: django_session; Type: TABLE DATA; Schema: public; Owner: novania_db_user
--

COPY public.django_session (session_key, session_data, expire_date) FROM stdin;
cn6tjj1n978m65oloxh8wdqctgju9v1s	.eJxVjMsOwiAQRf-FtSEzlEdx6d5vIMMAUjU0Ke3K-O_apAvd3nPOfYlA21rD1vMSpiTOAsXpd4vEj9x2kO7UbrPkua3LFOWuyIN2eZ1Tfl4O9--gUq_fmkx0jjR7bZ1RoMgaVuC4IJRsLSpn0SNgIc-oTCYYswc_aAU8Mgzi_QG9Yzad:1uAVnD:DeXXNiMqIEepaBxKY6Wi4M4xKpcauqcH6ihMZddbHX8	2025-05-15 15:25:43.297341+00
8bkj5glxe9r1n3q4oh5z2we1lo0bq3c6	.eJxVjMsOwiAUBf-FtSG8SsGle7-BcB9I1dCktCvjv2uTLnR7Zua8RMrbWtPWeUkTibMw4vS7QcYHtx3QPbfbLHFu6zKB3BV50C6vM_Hzcrh_BzX3-q3BOKUsGywDM3C0ox-td9ohB8ymIIVCSjsgXcBEtIpoAAoUtQ3BG_H-APfYOF8:1uBVQf:Q3x0iY8di4ikmZIOInrQfrjgp4LYzc6Md8iVOoX-uYQ	2025-05-18 09:14:33.239815+00
vhxa9gpzxd5rs0cgogw7i1iivg8w7jv2	.eJxVjMsOwiAQRf-FtSFlmPJw6d5vIAMMUjU0Ke3K-O_apAvd3nPOfYlA21rD1nkJUxZnocXpd4uUHtx2kO_UbrNMc1uXKcpdkQft8jpnfl4O9--gUq_fuhRH4DgnbTVpHNAmj8AWHIzWM0BU1rB2iWNGwybbERQzFuTiB4Xi_QHgkDe5:1uBWJQ:oHe0H-NtE0moHu_vTcWkRZWY_GCUX0zYcGyAvtWO4YM	2025-05-18 10:11:08.498428+00
h0wycwymv6793ojco6sauft6x5mych0b	.eJxVjMsOwiAQRf-FtSEzlEdx6d5vIMMAUjU0Ke3K-O_apAvd3nPOfYlA21rD1vMSpiTOAsXpd4vEj9x2kO7UbrPkua3LFOWuyIN2eZ1Tfl4O9--gUq_fmkx0jjR7bZ1RoMgaVuC4IJRsLSpn0SNgIc-oTCYYswc_aAU8Mgzi_QG9Yzad:1uBySi:NRIA3TouB0Kn3FIU5IVHXFxSdi9UHfy3a45tCod4jd8	2025-05-19 16:14:36.637408+00
ldbri7xviaf26mgzjwm5w5mh1eamfz4a	.eJxVjMEOwiAQBf-FsyFAgYJH734D2WVBqgaS0p6M_64kPej1zbx5sQD7VsLe0xoWYmem2el3Q4iPVAegO9Rb47HVbV2QD4UftPNro_S8HO5foEAv4y1QGGcho7SZVNSzs4aIclTemWQMfltoPKKblZhQau8nDxaklojk2fsD_uw4Zg:1uByYX:vzuStpmMFCT-ZtSbkhVFQe5dybcbXsmEVS1iR_Gl_nI	2025-05-19 16:20:37.049199+00
4yd567bb6icm71hkgj244b2sn19vsacz	.eJxVjMsOwiAQRf-FtSFlmPJw6d5vIAMMUjU0Ke3K-O_apAvd3nPOfYlA21rD1nkJUxZnocXpd4uUHtx2kO_UbrNMc1uXKcpdkQft8jpnfl4O9--gUq_fuhRH4DgnbTVpHNAmj8AWHIzWM0BU1rB2iWNGwybbERQzFuTiB4Xi_QHgkDe5:1uC13M:fOHaJp7TivS7TMV_mZuy7e8o9nTnuj8R__vBXrOcNNE	2025-05-19 19:00:36.731223+00
pvybwaiz7h4gcz9a2lccv5qvhsebtg7c	.eJxVjMsOwiAUBf-FtSG8SsGle7-BcB9I1dCktCvjv2uTLnR7Zua8RMrbWtPWeUkTibMw4vS7QcYHtx3QPbfbLHFu6zKB3BV50C6vM_Hzcrh_BzX3-q3BOKUsGywDM3C0ox-td9ohB8ymIIVCSjsgXcBEtIpoAAoUtQ3BG_H-APfYOF8:1uCMsa:pfxckhfASxrsZBeDCfBMyMj6v4zzL5VPbSFb62LDloQ	2025-05-20 18:18:56.277484+00
3fj7ukposallw7jcna8ix7ubcxtzzxjk	.eJxVjMsOwiAQRf-FtSEzlEdx6d5vIMMAUjU0Ke3K-O_apAvd3nPOfYlA21rD1vMSpiTOAsXpd4vEj9x2kO7UbrPkua3LFOWuyIN2eZ1Tfl4O9--gUq_fmkx0jjR7bZ1RoMgaVuC4IJRsLSpn0SNgIc-oTCYYswc_aAU8Mgzi_QG9Yzad:1uCMsc:jpkfBWwY6ZZeYPOZFOHIlYTDZ_rKaBmofdc90iCmMzE	2025-05-20 18:18:58.835381+00
wascsm6juz1k1shcvoebofsaa4isg9op	.eJxVjMsOwiAQRf-FtSFlmPJw6d5vIAMMUjU0Ke3K-O_apAvd3nPOfYlA21rD1nkJUxZnocXpd4uUHtx2kO_UbrNMc1uXKcpdkQft8jpnfl4O9--gUq_fuhRH4DgnbTVpHNAmj8AWHIzWM0BU1rB2iWNGwybbERQzFuTiB4Xi_QHgkDe5:1uCMw4:VPUJdAoxj6jftHVul1X4I1T2jLx_0oPcfNf_lfnxe-o	2025-05-20 18:22:32.940045+00
ienniiau5evsffvbyr4lq4shh6745s2r	.eJxVjMsOwiAQRf-FtSEzlEdx6d5vIMMAUjU0Ke3K-O_apAvd3nPOfYlA21rD1vMSpiTOAsXpd4vEj9x2kO7UbrPkua3LFOWuyIN2eZ1Tfl4O9--gUq_fmkx0jjR7bZ1RoMgaVuC4IJRsLSpn0SNgIc-oTCYYswc_aAU8Mgzi_QG9Yzad:1uFT7z:NvAjrU_rVz83Gv1nHY1D5VHhUiLp1BfSEbG8kjyPCOU	2025-05-29 07:35:39.993251+00
lrajddepzglt3jrzq8a0vprbpprcb9be	.eJxVjMsOwiAQRf-FtSEzlEdx6d5vIMMAUjU0Ke3K-O_apAvd3nPOfYlA21rD1vMSpiTOAsXpd4vEj9x2kO7UbrPkua3LFOWuyIN2eZ1Tfl4O9--gUq_fmkx0jjR7bZ1RoMgaVuC4IJRsLSpn0SNgIc-oTCYYswc_aAU8Mgzi_QG9Yzad:1uFVCC:xf7lL7IEqU9vgvPYnLP_OsQYnphJ0rP7jjUy5GlYTS8	2025-05-29 09:48:08.733156+00
w1afudlj6mbumxw4nea33lzsavwt5hps	.eJxVjMEOgjAQRP-lZ9OwC3a7Hr37DWTbLYKaNqFwMv67kHDQzG3em3mbXtZl7Nea5n5SczGE5vRbBonPlHeiD8n3YmPJyzwFuyv2oNXeiqbX9XD_Dkap47Z21AwQB_YdK7UEEc8eoE1OcNBGgB0FTh16pi2ATtUHYYoIoWsQzOcL54Q2_w:1uI5gk:i3a2xk6taiQ7bTJcGJoZ3Od9a9EY8kn55qI-glvuAXk	2025-06-05 13:10:22.168268+00
us2lo9jqm3lezce9tc72h7o086ik0f62	.eJxVjMsOwiAQRf-FtSEzlEdx6d5vIMMAUjU0Ke3K-O_apAvd3nPOfYlA21rD1vMSpiTOAsXpd4vEj9x2kO7UbrPkua3LFOWuyIN2eZ1Tfl4O9--gUq_fmkx0jjR7bZ1RoMgaVuC4IJRsLSpn0SNgIc-oTCYYswc_aAU8Mgzi_QG9Yzad:1uFfrk:KULf1WA1-Z96qKgmyqpHklfMocIk61UYTKc2wgr3-Ug	2025-05-29 21:11:44.907264+00
6vro3pbs88gap277f7vhac600nir2utx	.eJxVjEEOwiAQRe_C2pAyUxFcuu8ZyMAMUjU0Ke3KeHdD0oVu_3vvv1WgfSthb7KGmdVVOVCn3zFSekrthB9U74tOS93WOequ6IM2PS0sr9vh_h0UaqXX0Qwynr0TsCBMHBHEsif0FgfnrE3GXJIDymLHjJQyIiEZA5BcRPX5AhKKOC0:1uI6j4:tTUZk1Pyk_LF6luKq-K_dHMbsItRfvBbxgJP6060pv8	2025-06-05 14:16:50.824256+00
bja6qbdrt4nrw4e5fhby1g3iv36firmc	.eJxVjEEOwiAQRe_C2hBIpzC4dO8ZmoEZpGogKe3KeHdt0oVu_3vvv9RE21qmrcsyzazOyqnT7xYpPaTugO9Ub02nVtdljnpX9EG7vjaW5-Vw_w4K9fKtEUYfSEweiROwARy9z0Jo0YIJNg8cOZA33rgMUQZyBIDRSnIYMKj3B-JtN78:1uFpOo:0KU_jnNBHxswCq5PIu2ZxeYndXyRkJmhv9YSdYFIVCQ	2025-05-30 07:22:30.696141+00
s6azoaqqiain2l1kjv44roj6ps4cnuip	.eJxVjEEOwiAQRe_C2pAZaAm6dO8ZyAAzUjWQlHbVeHdt0oVu_3vvbyrQupSwdp7DlNVFeatOv2Ok9OS6k_ygem86tbrMU9S7og_a9a1lfl0P9--gUC_fGpygJRcJzl4GM6B1QjJ4MNkTmIhjEmHHDIg2AkdEL6MgCzFRtur9AQtMONY:1uI7cK:sTJk5j7UzMO_ztFwJIfQDnn4WLIwGIonYlhfue9L7GY	2025-06-05 15:13:56.596586+00
26bmncvgfm1zhpmu9j9h2t8bb6r088wk	.eJxVjMsOwiAQRf-FtSFlmPJw6d5vIAMMUjU0Ke3K-O_apAvd3nPOfYlA21rD1nkJUxZnocXpd4uUHtx2kO_UbrNMc1uXKcpdkQft8jpnfl4O9--gUq_fuhRH4DgnbTVpHNAmj8AWHIzWM0BU1rB2iWNGwybbERQzFuTiB4Xi_QHgkDe5:1uFyAk:9OjcRavLXs4XF607lM4X9k77rbZwVvWUz_FPyXtL2s4	2025-05-30 16:44:34.919325+00
6vqg702amqz34ltuexxd0vbws6y7i2r2	.eJxVjDsOwjAQBe_iGlkbx19Kes5grb1rHECOFCcV4u4QKQW0b2beS0Tc1hq3zkucSJyF1-L0OybMD247oTu22yzz3NZlSnJX5EG7vM7Ez8vh_h1U7PVba6WBMhEWaxgGNgBgmHNQATiMVjMkFzLaYseC2vkSzGCUQ-W1p2LF-wMOvDfo:1uI7ra:-5VGhdrSvoqZPuLGZgGeQaKdUeDRCli775nAYd_hyhc	2025-06-05 15:29:42.381803+00
51gqd1pemiiqbxstixdj6y07q395qeik	.eJxVjMsOwiAQRf-FtSEzlEdx6d5vIMMAUjU0Ke3K-O_apAvd3nPOfYlA21rD1vMSpiTOAsXpd4vEj9x2kO7UbrPkua3LFOWuyIN2eZ1Tfl4O9--gUq_fmkx0jjR7bZ1RoMgaVuC4IJRsLSpn0SNgIc-oTCYYswc_aAU8Mgzi_QG9Yzad:1uG1XU:rNAMx3CgzUgkVvWUg6fEjCOfbwjMal_mIrrQ0VIu8bU	2025-05-30 20:20:16.94679+00
fpdxyz8g4fld4lbt3zlpqqfx0czyttpk	.eJxVjMsOwiAQRf-FtSEzlEdx6d5vIMMAUjU0Ke3K-O_apAvd3nPOfYlA21rD1vMSpiTOAsXpd4vEj9x2kO7UbrPkua3LFOWuyIN2eZ1Tfl4O9--gUq_fmkx0jjR7bZ1RoMgaVuC4IJRsLSpn0SNgIc-oTCYYswc_aAU8Mgzi_QG9Yzad:1uG2jP:KMrLQJDwbyF4Hy5HhHWwirow7JeIJAB26BMxjPe2FZE	2025-05-30 21:36:39.119063+00
8x6f1bp44psdvcncizb7qm7kleftofxt	.eJxVjMsOwiAQRf-FtSEzlEdx6d5vIMMAUjU0Ke3K-O_apAvd3nPOfYlA21rD1vMSpiTOAsXpd4vEj9x2kO7UbrPkua3LFOWuyIN2eZ1Tfl4O9--gUq_fmkx0jjR7bZ1RoMgaVuC4IJRsLSpn0SNgIc-oTCYYswc_aAU8Mgzi_QG9Yzad:1uGCYW:VSitTDKEnlDYvanlj6C1pnDcGz63xpP6TF_My-0OsUc	2025-05-31 08:06:04.631124+00
uuf8qunhcmfc6kr9u64sjonut3xbse7h	.eJxVjMsOwiAQRf-FtSEzlEdx6d5vIMMAUjU0Ke3K-O_apAvd3nPOfYlA21rD1vMSpiTOAsXpd4vEj9x2kO7UbrPkua3LFOWuyIN2eZ1Tfl4O9--gUq_fmkx0jjR7bZ1RoMgaVuC4IJRsLSpn0SNgIc-oTCYYswc_aAU8Mgzi_QG9Yzad:1uGD4X:qtn1bEviso9Y-AHWNLvEC5z-RZnZx7MiHLLyj1xEerA	2025-05-31 08:39:09.039884+00
n24g0vuc5vcbzyvb6vzwj4hgapheednm	.eJxVjDsOwjAQBe_iGln-xD9K-pzB2njXOIBsKU4qxN1JpBTQvpl5bxZhW0vcOi1xRnZljl1-twnSk-oB8AH13nhqdV3miR8KP2nnY0N63U7376BAL3ttBhXQe0wZQApLBr1WyYUchE1GekFCeqMH0FpZTTpbkBbN7pMVkhz7fAHV9Td7:1uGFFY:lZbk_WwyyUOupSp3mblGq7TVaQgYTEQ6_pJL58y4hmU	2025-05-31 10:58:40.573592+00
vwin4crs8qmdcsr6ifxb0dv4t75lm0fr	.eJxVjDsOwjAQBe_iGln-xD9K-pzB2njXOIBsKU4qxN1JpBTQvpl5bxZhW0vcOi1xRnZljl1-twnSk-oB8AH13nhqdV3miR8KP2nnY0N63U7376BAL3ttBhXQe0wZQApLBr1WyYUchE1GekFCeqMH0FpZTTpbkBbN7pMVkhz7fAHV9Td7:1uGFGN:uLttm5AjsISHwHZczzG2N5qqMXbAsVwLMHPUd2tHSdw	2025-05-31 10:59:31.902857+00
0w3vbr5ca9269y5uz8hg56k9qal9a232	.eJxVjEEOwiAQRe_C2hAMMBlcuvcMZGAGqRpISrtqvLs26UK3_733NxVpXWpch8xxYnVRqE6_W6L8lLYDflC7d517W-Yp6V3RBx361lle18P9O6g06rcmDyGl4G0oFrlkSBksCBgk58_MIDYkMc6ZEtgzOsMIPqPzkgsSqfcH8WU4Vg:1uGG43:TRt0rhOHYQG8_SMxsU1oVjGvbTpwPI4lLNfE6IWUEZE	2025-05-31 11:50:51.572496+00
fwn4rybsg8h9qqhabz7yivoek55hvlg5	.eJxVjEEOwiAQAP_C2RBpVwoevfcNZNldpGogKe3J-HdD0oNeZybzVgH3LYe9yRoWVlfl1emXRaSnlC74geVeNdWyrUvUPdGHbXquLK_b0f4NMrbctwCCQ5qA2DgnlpJHtmBBkgfLhkcAM6SIhkbD8Xxx5ByCTUB-RDepzxf1Pzgd:1uGGMV:ngqKlVm5SLbxCjDZ2NnGMxLEaRNTxaUijlimHEUncHI	2025-05-31 12:09:55.164936+00
qx3py2klbx31a7yqf87x0vns4jjgsih9	.eJxVjEEOwiAQRe_C2hCQFhiX7j0DGWZGqRpISrsy3l2bdKHb_977L5VwXUpau8xpYnVS1qjD75iRHlI3wnest6ap1WWest4UvdOuL43led7dv4OCvXxrY0cv2R0BGKJlQYQIQhDQw0A4BCOW_NU4JiTrAsRMbALwyMwejXp_AAvdOKE:1uGHEd:pcs7_7CkbwnwLs4ecHk_TgKbOiOGoYMV5Z6-6gQP07Q	2025-05-31 13:05:51.627219+00
d0qaq2d0yltjaj2jevyao1t5sha7gjjl	.eJxVjEEOwiAQRe_C2hCmAwgu3XsGMjAgVUOT0q6MdzckXej2v_f-WwTatxr2ntcws7gIAHH6HSOlZ26D8IPafZFpads6RzkUedAubwvn1_Vw_w4q9Tpqh7EAW1VAa2MBCSa0nD0bq5whVj76WDyiUw75jABJobVGT5mzVuLzBetmNws:1uGK0w:5H2CMHoigdiBbAI_1zSHcw2hQxgxNM50B-CU_CLx8M0	2025-05-31 16:03:54.781813+00
6ee8kvqplhp97w2pz8g41hrmqldq12au	.eJxVjDkOwjAUBe_iGlm245WSnjNYf7FxAMVSlgpxd4iUAto3M-8lMmxry9tS5jyyOAttxOl3RKBHmXbCd5huXVKf1nlEuSvyoIu8di7Py-H-HTRY2rdGii4UHJIC9lYliwZUxWSS4xp9UFp7IuMiQABmXaoFh2WoFKlGk8T7AxPTOMg:1uGKQl:VvL9HxPyjfttIK4uaLrsKWzIjUH1jhYX4LhCPrf5sUA	2025-05-31 16:30:35.314923+00
28lugjf627kv5cmxbicqmlhart52mwr1	.eJxVjEEOwiAQAP_C2RBpVwoevfcNZNldpGogKe3J-HdD0oNeZybzVgH3LYe9yRoWVlfl1emXRaSnlC74geVeNdWyrUvUPdGHbXquLK_b0f4NMrbctwCCQ5qA2DgnlpJHtmBBkgfLhkcAM6SIhkbD8Xxx5ByCTUB-RDepzxf1Pzgd:1uGKVc:xz-dFxhlU0pVgdf2E6VK9swRuSWkcAPt0faE_0XT9F4	2025-05-31 16:35:36.585645+00
4cqvkqeyjhc4q855s227jpmnmu01kdqj	.eJxVjMEOwiAQRP-FsyHA0lI9evcbCOwuUjWQlPZk_Hdp0oNe5jDvzbyFD9ua_dZ48TOJi9AgTr9lDPjkshN6hHKvEmtZlznKXZEHbfJWiV_Xw_07yKHlvjZaMY7xjE5PCgaVLKNjB4EwBe40IpqJTLJRaWvA9mCAxJbcMIIVny8NAzfm:1uGKjt:huhxa0s4hP5KpL_WlQeUEBld7jdFTNk0XYoTR4oMTWI	2025-05-31 16:50:21.561977+00
ptruvmwv3261c0i2y1tr688m7b4xe36y	.eJxVjEEOwiAQRe_C2pAOFCgu3XsGMswMUjVtUtqV8e7apAvd_vfef6mE21rT1mRJI6uzgl6dfseM9JBpJ3zH6TZrmqd1GbPeFX3Qpq8zy_NyuH8HFVv91oGGHBlNsWzBGQgxOBToTM8h2sKeAILBodgukIAnIZ_RYe9cRnFWvT8CPDgs:1uGZBG:4GPHRVPhsIRaeWN33uW_DcyQQTcainYnjPvi6vTgbwY	2025-06-01 08:15:34.263802+00
10pvc5d4jewvbg57og9ahoihzoo9r1q9	.eJxVjEEOwiAQRe_C2pCWoRRcuvcMZJgZpGpoUtqV8e7apAvd_vfef6mI21ri1mSJE6uz6gd1-h0T0kPqTviO9TZrmuu6TEnvij5o09eZ5Xk53L-Dgq186-AY0LALYK1HpjC4lLIAifWUkxBmYMLOEgZAxmwYu37M4r01owH1_gA_NzmE:1uGcsc:5jzJmlNoT4fD4_ULKLPNG_Cur3rqW6Vy_SOPMGgIacQ	2025-06-01 12:12:34.486541+00
66s4s48fjtq16mumsp2aie8zs2e6ji8t	.eJxVjEEOwiAQRe_C2hAYKFqX7j0DmYEZqRpISrsy3l2bdKHb_977LxVxXUpcO89xyuqsbFCH35EwPbhuJN-x3ppOrS7zRHpT9E67vrbMz8vu_h0U7OVbB5-s8-gHZISTSwYFRgAB8YEsJjYihgHA5XAchVi8IQkUhmRtNqLeHxLrOKg:1uGd51:E_CR7HYKEMjtK2qYLgFTStJiQsCKgI7k1yJgAXEOSw4	2025-06-01 12:25:23.226402+00
o44ysp93i8fxnm28pb2845ljl02tvnb5	.eJxVjEEOwiAQRe_C2pAOFCgu3XsGMswMUjVtUtqV8e7apAvd_vfef6mE21rT1mRJI6uzgl6dfseM9JBpJ3zH6TZrmqd1GbPeFX3Qpq8zy_NyuH8HFVv91oGGHBlNsWzBGQgxOBToTM8h2sKeAILBodgukIAnIZ_RYe9cRnFWvT8CPDgs:1uGdEf:T1gtM19I4h-R6R62be6rgkO1RKoGwjVSneg6K1BZ2gA	2025-06-01 12:35:21.242192+00
ybzos9bd7bravvp8b3frf5m7hy5dx9mg	.eJxVjEEOwiAQRe_C2pBCGQGX7j0DGWZAqgaS0q6Md7dNutDtf-_9twi4LiWsPc1hYnERyorT7xiRnqnuhB9Y701Sq8s8Rbkr8qBd3hqn1_Vw_w4K9rLVFMFAohxh8BnIO6tRZad9BNZoACiT8xmV0Wb0xHzOnq3mcVMHTiQ-XyOyOOM:1uGdnt:jultu7AmPPzHzr1USIYTpbpnuDiN2BO_uRBa9Qc1EMU	2025-06-01 13:11:45.568615+00
e0wq6vfjjhou6ngrov53qlk4mo90i6zr	.eJxVjMEOwiAQRP-FsyFA2QIevfsNZFm2UjU0Ke3J-O9K0oOeJpn3Zl4i4r6VuDde45zFWWgvTr9lQnpw7STfsd4WSUvd1jnJrsiDNnldMj8vh_t3ULCVvp5oDN6DxqSU88M3IWjHismHZBgRDVGwoBgM6kFZsKSdZZiQCEbx_gANajgp:1uGhoh:WfTbLTjJzfJyhrXOBDepz7OG-Bvxrx_gs_wqKb12kHU	2025-06-01 17:28:51.245378+00
0v3w480gkapqqco07ze4wgzuri6ld4ar	.eJxVjDsOwjAQBe_iGlmOP5s1JT1nsNbeNQmgRIqTCnF3iJQC2jcz76USbeuQtiZLGlmdVRfV6XfMVB4y7YTvNN1mXeZpXcasd0UftOnrzPK8HO7fwUBt-NbYCQM4AY8dxNozYHG-Z1uqkWqQI4kTNgF7qNGEkDOS9c6htYBe1PsDA2g3ng:1uGjX3:aBlGHX6HWcjS5OL-xvB4e9OIyTAuU8c9b21FyewR4SY	2025-06-01 19:18:45.928627+00
5lv066zxld9wfxfki00p82nipwrfjww5	.eJxVjMsOgjAQRf-la9PQFmaKS_d-Q9N5KKihCYWV8d-FhIVu7znnvk3K6zKkteqcRjFn4xtz-h0p81OnncgjT_diuUzLPJLdFXvQaq9F9HU53L-DIddhqwkIgQCzRmg7VZEGoI_InRMOviGHuZMe2UencHPBM2LbCruwYYrm8wUJ3jfb:1uGjg4:lawQixUumd0IWfkid4FcbSQGr9KEl2KbSpsnc2uyGsQ	2025-06-01 19:28:04.489115+00
rcg15ndjhyyoqgx8e8sgxs1nl3ktwo9t	.eJxVjDsOwjAQRO_iGllef-INJT1nsDa7Dg6gRIqTCnF3sJQCimnmvZmXSrRvJe01r2kSdVYW1Om3HIgfeW5E7jTfFs3LvK3ToJuiD1r1dZH8vBzu30GhWtqaGcM3PVobo7hRMoDxwbAz0YNECQ4jW8449F0nHplG6h0KBoAO1PsDBUY3tQ:1uGkd1:Yc-TPfbjHYlGSe4CqPEyqr012hQw_bUUdiQSMxypS-0	2025-06-01 20:28:59.914811+00
cf0cquisgfdqicp73kqh8r5cq5j8j40m	.eJxVjDsOwyAQRO9CHSEDu3xSpvcZ0GIgOIlAMnYV5e6xJRdJOfPezJt52tbit54WP0d2ZVKyy28ZaHqmepD4oHpvfGp1XebAD4WftPOxxfS6ne7fQaFe9rVWSqgBXUBtFUVAg9ECWQhCYyYBhAQSUpbZkBuUcwZydpaSgT0C-3wB2HM2-g:1uGmbv:wq2O31vfbnxP-OOwg99u-9etWGjiDVYNwYhOGgpKfhw	2025-06-01 22:35:59.623627+00
my372tznjdhq02qyv52pwiad6kqle7xs	.eJxVjDsOwjAQBe_iGlmLv5iSPmeI3mZtEkCJFCcV4u7IUgpoZ0bzVj32bez3mtd-EnVVxqnTL2QMzzw3Iw_M90UPy7ytE-uW6MNW3S2SX7ej_RuMqGP7GmCgRC4mw2ARE8JFbCrg7MlmB8vFO5wjyBEzwCi2eCIqwcekPl8dMDid:1uH1mQ:qDXATeaTW2hUehMo2s0ocr_Nu8coMFs2gUYo1JOi7sw	2025-06-02 14:47:50.694673+00
ludmngk3bb8j3xzwnhjlut6d54z9nyia	.eJxVjDsOwjAQBe_iGlk2G3uzlPScwVr_cADZUpxUiLuTSCmgfTPz3sLxuhS39jS7KYqLOBtx-h09h2eqO4kPrvcmQ6vLPHm5K_KgXd5aTK_r4f4dFO5lqz2YkLz2PMBAJhEoItAYWFkcaQOAyqAamXVUNqNWgDYk8hkBkLL4fAHycDdO:1uH53i:UuOiQzs927JRL7unSCjLAbb51Kk61xaYQf47dW5rcQg	2025-06-02 18:17:54.257426+00
zx66fcgcn4gi00lk4sd1jcc7aomt6mpx	.eJxVjDsOwjAQBe_iGlnrjX-hpOcMltdekwCypTipEHeHSCmgfTPzXiLEbZ3C1nkJcxZngVacfkeK6cF1J_ke663J1Oq6zCR3RR60y2vL_Lwc7t_BFPv0rc2IBgowOOABSCfHPhlEZakYr0fUUQETKVXGYSiotbEGfMmINjM58f4A5Ak3Ow:1uH59S:krE9WMhgFptxT7kna_myGa0EELVoMn3S35m6-GG9Jes	2025-06-02 18:23:50.358121+00
gkznb23clxpfjug59pyvhetdf28arili	.eJxVjEEOwiAURO_C2hA-SAGX7j0DAT5fqgaS0q6Md5cmXehiksm8mXkzH7a1-K3nxc_ILgzY6TeLIT1z3QE-Qr03nlpdlznyvcIP2vmtYX5dj-7fQQm9jDVJtBMoo20yUkk4i8nJHI3SiizQcBgQCTQggCGphXZkckY3RFqwzxfIZDfh:1uHIXc:S1m-6lg8mzyaHD1WSCDC7Y-Jt5lysCQTtEvxHhp87Mw	2025-06-03 08:41:40.256667+00
5xzaa4t66iar890p2om71utp2b6z63my	.eJxVjDsOwjAQRO_iGlnLxr-lpM8ZrLXX4ABKpDipEHcnkVJAOfPezFtFXpca11bmOIi6KPTq9Fsmzs8y7kQePN4nnadxmYekd0UftOl-kvK6Hu7fQeVWt7UhB-jABQDyRGCJfEHpsmEEk63bMgoEDtIlIkNe2FOHZP2tAJ7V5wu2IzYk:1uHOOa:PyNKe9VbM_FA05Xk7lJ0OtQ6B2pL86WFIHpX2CMv7Lk	2025-06-03 14:56:44.735691+00
wuig7x0zaj4g8e8safyqnc2d9mfm696n	.eJxVjDsOwyAQRO9CHSGwWT4p0_sMaPlscBKBZOwqyt1jSy6SbjTvzbyZx20tfut58XNiVzZYdvktA8ZnrgdJD6z3xmOr6zIHfij8pJ1PLeXX7XT_Dgr2sq9RK2UQSDqZzGgsxSx1oqj26NwoSUQzKkFIQmQpIIB2EpwFIKeGCOzzBf_EN2Q:1uHRb1:H_5UAxqVm4nL-AJ_ORhdsKaP8aFCw3g621osbNNKYRE	2025-06-03 18:21:47.965249+00
e34ipv11qoj9npx15p616msawy24xw5k	.eJxVjDsOwjAQBe_iGll2_FtT0nMGy-v14gCKpXwqxN0hUgpo38y8l0h5W1valjqnkcRZgBKn3xFzedRpJ3TP063L0qd1HlHuijzoIq-d6vNyuH8HLS_tWzNqClgsGS7KQrUxAuvB18AYLQNGj66AqpacA-sCDw5YmeK0ydmTeH8AIew4Vg:1uI33d:kGH72HFEZOd_GT3UlGOa6yZK1vFp0x644cFWzjVqNMc	2025-06-05 10:21:49.010705+00
hnr8mgij82f4yc7c4fqabviaaljhsebs	.eJxVjEEOwiAQRe_C2pAGBigu3XsGAjODVA1NSrtqvLs06UK3773_dxHitpawNV7CROIqrBaXX5givrgehp6xPmaJc12XKckjkadt8j4Tv29n-3dQYit97S1YS8QuKwatABA9MBAqk4xR5LMf0I0wdJwp2gijZtsjx5kzafH5Ag6_OL8:1uI4Iz:6y_KO-zQ2yHvcaWCxB01MiIAjcxl9eL179fTbxtLL1I	2025-06-05 11:41:45.088499+00
6gll3z46kdxemd4gziscst9qtgn44lbj	.eJxVjDkOwjAUBe_iGll4Jaak5wzR34wDyJbipELcHSKlgPbNzHupEdaljGuXeZxYndVg1OF3RKCH1I3wHeqtaWp1mSfUm6J32vW1sTwvu_t3UKCXby2SbWTETOKPKSbHHiBZJhsc4omMxzzYwAYM2Bg8uZTZpRC8JYIE6v0BOb448Q:1uI4mp:o_r1miO4_LyEWaS_XCo4KRbfA5NXNCLs-8kz4qSkBjo	2025-06-05 12:12:35.263752+00
v8emltyr9xhyaoo60nvmeyfshj4y45jx	.eJxVjDsOwjAQBe_iGlkkXv8o6XMGa9de4wCypTipEHeHSCmgfTPzXiLgtpawdV7CnMRFjF6cfkfC-OC6k3THemsytrouM8ldkQftcmqJn9fD_Tso2Mu3dnD2OVKKYA2wTmTIuSGjsqwInNZeGTRawZg5GxicIusoAibFTGTF-wMSbjiC:1uHRnI:EZ3W28VT4wqxBw3eh5m9hO2Mc6kYV-Gv84Fi6Wz546Q	2025-06-03 18:34:28.05592+00
yd0pt776symcmtzhfxqm6jfenyni1zl1	.eJxVjMsOwiAUBf-FtSG8SsGle7-BcB9I1dCktCvjv2uTLnR7Zua8RMrbWtPWeUkTibMw4vS7QcYHtx3QPbfbLHFu6zKB3BV50C6vM_Hzcrh_BzX3-q3BOKUsGywDM3C0ox-td9ohB8ymIIVCSjsgXcBEtIpoAAoUtQ3BG_H-APfYOF8:1uHSU9:asNIwLfuhuK4eharScB1pahu1vErsIUcwEYhYpselMs	2025-06-03 19:18:45.22094+00
3lcyi5txsp5kz0nvk6uc23eqhkenjete	.eJxVjEsOwjAMRO-SNYqcuJCYJfueIYpjlxRQK_WzQtydVuoCpFnNezNvk_K61LTOOqVezNUgmNNvybk8ddiJPPJwH20Zh2Xq2e6KPehs21H0dTvcv4Oa57qtHV1i9gLRg5AnoMiRQ-5QITTS4bkLoozgmJAKBFZHTreUEkuDaD5f9BA33g:1uHSUN:5GkQBje24ZAJDUSFHgP7KEN5i2q7Ww7nKdWB1N4MRiA	2025-06-03 19:18:59.187866+00
95spo99fvtwplrypi5n2xvj7pdwnqm39	.eJxVjEEOwiAURO_C2hA-SAGX7j0DAT5fqgaS0q6Md5cmXehiksm8mXkzH7a1-K3nxc_ILgzY6TeLIT1z3QE-Qr03nlpdlznyvcIP2vmtYX5dj-7fQQm9jDVJtBMoo20yUkk4i8nJHI3SiizQcBgQCTQggCGphXZkckY3RFqwzxfIZDfh:1uHicQ:a8LTjjWHc1KKtOqeY__essUaulGyeQPwfobz0rhJSE0	2025-06-04 12:32:22.977049+00
1r5uql38eil9ohdjhwt5vruq7dh6yoeg	.eJxVjDsOwyAQRO9CHSGwWT4p0_sMaPlscBKBZOwqyt1jSy6SbjTvzbyZx20tfut58XNiVzZYdvktA8ZnrgdJD6z3xmOr6zIHfij8pJ1PLeXX7XT_Dgr2sq9RK2UQSDqZzGgsxSx1oqj26NwoSUQzKkFIQmQpIIB2EpwFIKeGCOzzBf_EN2Q:1uHign:0qaeu-QUL90Yo1_GQ0TCmw7z3EwgWxd2OjKZ6wfbTeA	2025-06-04 12:36:53.472731+00
xy3zvm5ssd3fzifsxqnlsrg7teq05vhg	.eJxVjEEOwiAQRe_C2pAGBigu3XsGAjODVA1NSrtqvLs06UK3773_dxHitpawNV7CROIqrBaXX5givrgehp6xPmaJc12XKckjkadt8j4Tv29n-3dQYit97S1YS8QuKwatABA9MBAqk4xR5LMf0I0wdJwp2gijZtsjx5kzafH5Ag6_OL8:1uHkBq:9L05RYmXdHwkKUS0q9N3IIqdzegZ1hBBQhzN8iu5jP8	2025-06-04 14:13:02.685169+00
d9ydqx58jmjv6oe3kp6k0mnsr55eitbl	.eJxVjDEOwjAMRe-SGUVp6ziBkZ0zRI7tkgJqpaadEHdHkTrA-t97_20S7VtJe9U1TWIuBsGcfsdM_NS5EXnQfF8sL_O2Ttk2xR602tsi-roe7t9BoVpaHVkAtR-iIDvhs49IeRiQg6cIwgqhZ4yAoDFgJnQQRtd1oxcQRfP5AhR6OCA:1uHkm6:NHlkG8C7Ab8xwhZXX5AkJqlk0e6VG6kTUAOEm8IeZQc	2025-06-04 14:50:30.32794+00
z2rl3gdn4xbiffq64mwwb5td9madp2jn	.eJxVjMsOwiAQAP-FsyEgz3r03m9o2F1WqgaS0p6M_25qetDrzGReYkrbWqat52WaSVyEd-L0CyHhI9fd0D3VW5PY6rrMIPdEHrbLsVF-Xo_2b1BSL9-vMjEPSftoMGYGYDJ0DhAdJzDKoUUdvOFglRnYs_UcwBJ5Cpg1ivcHFT84rg:1uHl1x:6CD0QYdCel1TSz9uotr8XVvmfSBXNIInIegmUVPj0C4	2025-06-04 15:06:53.679905+00
wrmol3lx4zd4y1b8cojy61o92thg1yp5	.eJxVjMsOwiAQAP-FsyG8FtCjd7-BbJdFqoYmpT0Z_92Q9KDXmcm8RcJ9q2nvvKY5i4vwXpx-4YT05DZMfmC7L5KWtq3zJEciD9vlbcn8uh7t36Bir-NrPJIJCDFgAatAO7AAWhsoqCFbYorRFCa0ynkIdLbOKCTFAGxYfL7o2Ddp:1uHl6b:_1iMvHEoEm_tdKILDCX36_se1w-WqvSTm3RQ4ilUM4c	2025-06-04 15:11:41.499484+00
pkb7i18bzck5vy3r012p765zib8exagx	.eJxVjEEOwiAQRe_C2pBiYaAu3fcMZGaYStVAUtqV8e7apAvd_vfef6mI25rj1mSJc1IXBV6dfkdCfkjZSbpjuVXNtazLTHpX9EGbHmuS5_Vw_w4ytvyt7Zm5c0JiLHSDlckjO-PIB9Mb6T0OmAxBAPbShymIAyGwDtim5AjU-wMO_ThK:1uHlBV:Utsd0TJn691x4Lu3YlenYPzUWxJKL8QUjA32m8AxsQI	2025-06-04 15:16:45.544957+00
y7i1eaxhbc35amustn8dbjwt0gdrfeo4	.eJxVjEsOwjAMBe-SNYpw4jQOS_Y9Q2XHKS2gVOpnhbg7VOoCtm9m3st0vK1Dty1l7kY1F9OQOf2OwvlR6k70zvU22TzVdR7F7oo96GLbScvzerh_BwMvw7dG0eAQPDpQTuwJgNSF3iP256jZpyAFUkOgITpIiCFGEpLIzlHpzfsD4lg2-Q:1uHlG3:geS35FX3xUis9DipGoDZ_g3noP6jfKvi2T-nbRHWXa0	2025-06-04 15:21:27.407388+00
c182hnz1an9b18cis4wv9v3hjb2p2wl2	.eJxVjDsOwjAQBe_iGln-xR9Kes5g7Xo3OIAcKU4qxN0hUgpo38y8l8iwrTVvnZc8kTgLn8Tpd0QoD247oTu02yzL3NZlQrkr8qBdXmfi5-Vw_w4q9PqtjVOk0ZIyypTArDEVSm4AZE_MaDi44H0p1jLY0UcVwRhtldduiHEU7w8Z1zf_:1uHlp8:QeiJso77Q49rSCEjT0Am5EnJhtJuHRCBqOhB1qn9LYA	2025-06-04 15:57:42.351699+00
9vwdwv29m44v089ubd3x2zkppsi2g3xr	.eJxVjDsOwjAQBe_iGll2_FtT0nMGa71ecAA5UpxUiLuTSCmgfTPz3iLhutS0dp7TWMRZBCVOv2NGenLbSXlgu0-SprbMY5a7Ig_a5XUq_Loc7t9BxV632hOBiQ6MA2bUXlMuTimydIuGoJCiAE5jRG3Iec7ahiGD23yFg7Li8wUJDDef:1uHlp9:VWRQNSG6hPhWxBTfFjON_vhX_-7lsgElj9cMRencxYs	2025-06-04 15:57:43.762555+00
r9z6fpixwlo0retdjfa6zc8t0jk2ov2i	.eJxVjDsOwjAQBe_iGln4byjpOYO1613jALKlOKkQd4dIKaB9M_NeIsG61LQOntNE4iyCEoffESE_uG2E7tBuXebelnlCuSlyp0NeO_Hzsrt_BxVG_dbRoEXNVpnA6JDARorO8gmxoAZrADwdVdGatY4KoKgYAhVlcvDZO_H-ACCDOIk:1uHlr5:pzvFNXs6wYEaSP7ZGDcP2bQ_nAUGo8mxYdUIOQPkEwE	2025-06-04 15:59:43.355823+00
10qs2f5zd14bbztvmgm56vsoyzlim8yt	.eJxVjDsOwjAQBe_iGll2_FtT0nMGa71ecAA5UpxUiLuTSCmgfTPz3iLhutS0dp7TWMRZBCVOv2NGenLbSXlgu0-SprbMY5a7Ig_a5XUq_Loc7t9BxV632hOBiQ6MA2bUXlMuTimydIuGoJCiAE5jRG3Iec7ahiGD23yFg7Li8wUJDDef:1uHmXm:JaLfSzvBgzIA93t-oyM2aiKYyRpzi6P7sljhcFDJ1xs	2025-06-04 16:43:50.28453+00
yih4byapfdbqvpz2sct6r9etl3e9a4mi	.eJxVjMEOgjAQRP-lZ9OwC3a7Hr37DWTbLYKaNqFwMv67kHDQzG3em3mbXtZl7Nea5n5SczGE5vRbBonPlHeiD8n3YmPJyzwFuyv2oNXeiqbX9XD_Dkap47Z21AwQB_YdK7UEEc8eoE1OcNBGgB0FTh16pi2ATtUHYYoIoWsQzOcL54Q2_w:1uHmfw:yp1FThBDjDxfAjksXsZ9W4-Z_0qq_7xAFlGeUkobEPA	2025-06-04 16:52:16.60473+00
copdpqknn8zw8icxw9uy3rglluwp4ut9	.eJxVjDsOwjAQBe_iGlnxrj8xJT1nsHa9Dg4gR8qnQtwdIqWA9s3Me6lE21rTtpQ5jaLOKqA6_Y5M-VHaTuRO7TbpPLV1Hlnvij7ooq-TlOflcP8OKi31WyOAeIsc2QbCTFycZxg6Z3rvbBhccBGosyg5ml5s3xljUBCiNwBA6v0B60Q2pw:1uHn0B:D1aodBEAz88ePXTlKJYqN5GEUa8FOxzTX31aXxPSFyw	2025-06-04 17:13:11.008417+00
7e25ezytpu7y241zo5cf566p2iyzjrml	.eJxVjEsOAiEQBe_C2hAINN24dO8ZJjTNyKiBZD4r4911klno9lXVe6khbWsdtqXMwyTqrNCr0-_IKT9K24ncU7t1nXtb54n1ruiDLvrapTwvh_t3UNNSvzWTAOJoHQfrIAK6JBAMEnmORjI4oZGcLeitIV8C-JI9MpLhYCCq9wflPzbZ:1uHn8X:F72K1nstx9lHcDwmtpPxuEEn8gi69H9O9W4o_MJCks0	2025-06-04 17:21:49.655127+00
dmvsma5r7en9buduhq4nygknrsjp9qig	.eJxVjDsOwjAQBe_iGlnO2usPJT1nsNY_HEC2FCcV4u4QKQW0b2bei3na1uq3kRc_J3ZmBtnpdwwUH7ntJN2p3TqPva3LHPiu8IMOfu0pPy-H-3dQadRvDShAaaAJACOkgEUZGybnXIlgoaARzggVyQrMSRKSzDqQsw4lWa3Y-wPfrDck:1uHnW1:yxoEydB1y4V8x5FGUKxwTElP2DYAC4hjXk2fSw_1axc	2025-06-04 17:46:05.141767+00
1kkrf43dabh65qzk6ttzw0s4hxsohxkd	.eJxVjEEOwiAQRe_C2hCmAwgu3XsGMjAgVUOT0q6MdzckXej2v_f-WwTatxr2ntcws7gIAHH6HSOlZ26D8IPafZFpads6RzkUedAubwvn1_Vw_w4q9Tpqh7EAW1VAa2MBCSa0nD0bq5whVj76WDyiUw75jABJobVGT5mzVuLzBetmNws:1uHnqW:p59c4tjoyGw3jnSCQ9cX67kpkXXq3US-bQMFjgWTaSc	2025-06-04 18:07:16.107713+00
byf55su29c2188af2rfnsco33vc6jq49	.eJxVjMsOwiAQRf-FtSHyGsCl-34DGQaQqqFJaVfGf1eSLnR3c8_JebGA-1bD3vMa5sQuzAI7_Z4R6ZHbIOmO7bZwWtq2zpEPhR-082lJ-Xk93L9AxV5HF52IKimFRNFgIQANVghS5Ap5bRMVLZ0FB-dMggCFAYPeS6npO9j7AxveOBI:1uHoCR:iqaW1Jk1-X4t3KeDeF9vghnBgBpImRhPSsnKephW8jc	2025-06-04 18:29:55.634353+00
8q5yegv5ucbcvqkaiarhc8akznfnvxvw	.eJxVjEEOwiAQRe_C2hBogQGX7j0DYYZBqoYmpV0Z765NutDtf-_9l4hpW2vcOi9xyuIsAMTpd8RED247yffUbrOkua3LhHJX5EG7vM6Zn5fD_TuoqddvHYwh5Wi0xiEkx6aMuRhPBTN5CIMBP2aFhDowDkheOwtAuhTLisGL9wcWqTiG:1uHoNL:Eu6HDmfaN98sbguWlGTHT9kxRhMs8EGsUICXcNHsaGk	2025-06-04 18:41:11.616811+00
qpied2jdmxbrtysqr55x4nmuiuh984mc	.eJxVjDsOwjAQBe_iGln-xD9Kes5g7a5tHEC2FCcV4u4QKQW0b2bei0XY1hq3kZc4J3ZmzrPT74hAj9x2ku7Qbp1Tb-syI98VftDBrz3l5-Vw_w4qjPqtQaCxTiWNKUPRUyChQAYBGSUW1ECOpCUjLFDAyShZdNISvHbCgfHs_QEs9Dh4:1uHq9w:JlDGoxDjG3XDLX3RS0kXMrTmIxlBmE3lhEbvq_8HMJY	2025-06-04 20:35:28.726385+00
680wqzrqe1qmgnb9w2fln7oddopv7aaa	.eJxVjDsOwjAQBe_iGlmLv5iSPmeI3mZtEkCJFCcV4u7IUgpoZ0bzVj32bez3mtd-EnVVxqnTL2QMzzw3Iw_M90UPy7ytE-uW6MNW3S2SX7ej_RuMqGP7GmCgRC4mw2ARE8JFbCrg7MlmB8vFO5wjyBEzwCi2eCIqwcekPl8dMDid:1uHrvT:-VDe5fYOAzTUh0-G38VQ_j5ECbMWWbHVAN320k2mjzg	2025-06-04 22:28:39.088509+00
958niqkmov3ozrtvxwqdg6cc1qs11lr6	.eJxVjEEOwiAQRe_C2pCCRTIu3XsGMswMUjWQlHbVeHdp0oVu33v_byrguuSwNpnDxOqqPKjTL4xILym74SeWR9VUyzJPUe-JPmzT98ryvh3t30HGlvtamAyYcWAjzoJYh2wRL4kMJrIyxugHQOwCPFpy1gCksxldZ44pqc8XL3I5GQ:1uI135:pdzRLH3qtJw-eE9CT8OW--ILuzFe2J82VeriSoLzEBA	2025-06-05 08:13:07.946681+00
wpii1uheui6sv3z09bzvbh70stfxp4as	.eJxVjEEOwiAQRe_C2pAyFBhcuu8ZyMCgVA0kpV0Z765NutDtf-_9lwi0rSVsPS9hZnEWahSn3zFSeuS6E75TvTWZWl2XOcpdkQftcmqcn5fD_Tso1Mu3jqgBMDnHzpIbSaNJBhIwo4-UIRsATaRZDzii8le03ijn42Ct9S6L9wf1Djcy:1uI8fh:9hczG3kqfILY7toHJkGGVhxAnMfv07Bjt4kv-MhERUk	2025-06-05 16:21:29.759289+00
vfhtjhfdc204tz1m8idklug54sp1vgyc	.eJxVjEEOwiAQRe_C2hCQFhiX7j0DGWZGqRpISrsy3l2bdKHb_977L5VwXUpau8xpYnVS1qjD75iRHlI3wnest6ap1WWest4UvdOuL43led7dv4OCvXxrY0cv2R0BGKJlQYQIQhDQw0A4BCOW_NU4JiTrAsRMbALwyMwejXp_AAvdOKE:1uJhkJ:0bpAtcPH2-xLvbJy3a_dLCZMjx4KpC5UBH39HnVHsx4	2025-06-10 00:00:43.806216+00
mejot7b18eq90xi4gpbocu6730cot878	.eJxVjEEOwiAQRe_C2pAyFBhcuu8ZyMCgVA0kpV0Z765NutDtf-_9lwi0rSVsPS9hZnEWahSn3zFSeuS6E75TvTWZWl2XOcpdkQftcmqcn5fD_Tso1Mu3jqgBMDnHzpIbSaNJBhIwo4-UIRsATaRZDzii8le03ijn42Ct9S6L9wf1Djcy:1uI8fz:7S_WG77gZ9Gw6faMJdlOHutbPBhXCKeOsSDCPRgAQl0	2025-06-05 16:21:47.490289+00
1m93yvfouk9n0sqy807fecodyjw2xsdv	.eJxVjEsOwjAMBe-SNYqSkLoJS_Y9Q2XHNi2gVOpnhbg7VOoCtm9m3sv0uK1Dvy0y9yObi_HnZE6_K2F5SN0R37HeJlumus4j2V2xB11sN7E8r4f7dzDgMnzrRjNoDsLFBQUiwNwUByoeGgGPkAJTUoopqCMfWUuO6MQpQtuKmPcHTEo5OQ:1uJrGg:8nOpZ1K5AgvJ4-b_vfCzH5zR8QcruNJnN2oZ8yZGHpc	2025-06-10 10:10:46.182885+00
v5qf6t43ag9knoq82rzy8nz3885zk73e	.eJxVjMsOwiAQRf-FtSHAUB4u3fsNZIBBqgaS0q6M_65NutDtPefcFwu4rTVsg5YwZ3ZmUgt2-l0jpge1HeU7tlvnqbd1mSPfFX7Qwa890_NyuH8HFUf91t4qBT5aaUAnVUrOpNBTQaPtBJNwqXhB0dgCGoGkdxAtWjAmZacSsfcHJLc4Tg:1uJuwy:OHBopNlH6qNKSYV_IZ5LTko4-eMQEYiHQUNnKcqxuWk	2025-06-10 14:06:40.841606+00
rt1ne359oeztij6obv319h4ma2704q2f	.eJxVjEEOwiAQRe_C2hCQFhiX7j0DGWZGqRpISrsy3l2bdKHb_977L5VwXUpau8xpYnVS1qjD75iRHlI3wnest6ap1WWest4UvdOuL43led7dv4OCvXxrY0cv2R0BGKJlQYQIQhDQw0A4BCOW_NU4JiTrAsRMbALwyMwejXp_AAvdOKE:1uJwGd:hHj74-ho2QDbCxnFoKWkya9z5gZHy6tUJ2W07QsSDTQ	2025-06-10 15:31:03.672154+00
2q1z7pwy4i3xbz3mlk5wgz3suuidhkz8	.eJxVjDsOwjAQBe_iGlnrLPbalPQ5g7X-4QBypDipEHeHSCmgfTPzXsLztla_9bz4KYmLUGcrTr9r4PjIbUfpzu02yzi3dZmC3BV50C7HOeXn9XD_Dir3-q0NOLAxQ7Qq6AEK6OgsRcOIhnVQhcHiYJEISCdUAVFTMhAyFGeIxPsDCik3Gw:1uKhSB:GIU-mpxfIBI7CBfVfa3XvfJJxZSWFuUuf0-uaRKov0s	2025-06-12 17:54:07.401935+00
9fv1j6fwylzqas89p7ronftk0wyu95k5	.eJxVjDsOwjAQBe_iGlnrxD8o6XMGa9e7wgFkS3FSIe4OkVJA-2bmvVTCbS1p67KkmdVFRadOvyNhfkjdCd-x3prOra7LTHpX9EG7nhrL83q4fwcFe_nWgsgU2Xsh42V0ASxlYwKKQXaRxJvgbGBAy9lDNGebAeLgHYw0WKveHyaMN8M:1uI8sj:o7mbkPuyaGzy9JAgdr-1yaEyybZUru_pCDGdtCHBQgU	2025-06-05 16:34:57.785244+00
auzvdx0o14mgk0qndgpqnjegh4eu0er8	.eJxVjDsOwjAQBe_iGlnrv5eSPmew1lmHBFAsxUmFuDuJlALaNzPvLRJt65i2VpY0sbgKZVBcftdM_bPMB-IHzfcq-zqvy5TlociTNtlVLq_b6f4djNTGvY6aAAIZS4Y1YHAKtfWhqKjdEKEAeEa_I00ITg3WAGUuyIQcAijx-QL1JzcL:1uJsxP:WKexeJEx3z-P3RpnMtrsjYhXThk2nfE05CjqC-02SIQ	2025-06-10 11:58:59.313743+00
ifww1dcnxlplke01c3k1km6zffiwpur0	.eJxVjDEOwyAQBP9CHSGQgDMp0-cN6OCO4CQCydiVlb_HSC6SZoud2d1FwG0tYeu8hJnEVWijxeW3jZheXAeiJ9ZHk6nVdZmjHIo8aZf3Rvy-ne7fQcFexpowR1TasI1uys5qhgQIQPEIT9oqk3nK7AjZ5kMERZ7YASMkn8XnC18MOZ0:1uJwNY:gKbxnduTnu6rcQAzmkLp2vXMG04UopFlI-eFHKq-iXc	2025-06-10 15:38:12.370732+00
hqwkzajowrt1babeiaqndh8hljm9eorn	.eJxVjMsOwiAUBf-FtSG8SsGle7-BcB9I1dCktCvjv2uTLnR7Zua8RMrbWtPWeUkTibMw4vS7QcYHtx3QPbfbLHFu6zKB3BV50C6vM_Hzcrh_BzX3-q3BOKUsGywDM3C0ox-td9ohB8ymIIVCSjsgXcBEtIpoAAoUtQ3BG_H-APfYOF8:1uKj3K:19FSLTb-Y-7Tlm5oQxwubSrIAuOhVO9yas26rTY9SIo	2025-06-12 19:36:34.436849+00
quvmy1euuh924sc4t4iiaw2gg2drnxwm	.eJxVjDsOwjAQBe_iGlkbx19Kes5grb1rHECOFCcV4u4QKQW0b2beS0Tc1hq3zkucSJyF1-L0OybMD247oTu22yzz3NZlSnJX5EG7vM7Ez8vh_h1U7PVba6WBMhEWaxgGNgBgmHNQATiMVjMkFzLaYseC2vkSzGCUQ-W1p2LF-wMOvDfo:1uI94B:YkoSXNxrC-PGS8_k5KnNnkN1z7y6SeMRrtA6ZmpSDpU	2025-06-05 16:46:47.954631+00
iw1rk9vuifehha4r3pnxt4v1i7fta9ll	.eJxVjEEOwiAQRe_C2pDOtCC4dO8ZCMOAVA0kpV0Z725JutDNX_z38t7C-W3NbmtxcTOLi4AJxen3JR-esXTED1_uVYZa1mUm2RV50CZvlePrerh_gexb7mHiaGxCQqPtqEB5AtLWMCEFExJOaVDWajXsHvC-I0JMZ9DMgAbE5wszHjg8:1uJwh0:p2q3HkRFd9etpjmiXnXmxWgfol4kJhBohyk_RlJfGzI	2025-06-10 15:58:18.268593+00
xj4ey2kjihs5oh66tm689lkwwpg371wf	.eJxVjEEOwiAQRe_C2hCgg4BL9z0DGWamUjVtUtqV8e7apAvd_vfef6mM21rz1mTJI6uLsh7U6XctSA-ZdsR3nG6zpnlal7HoXdEHbbqfWZ7Xw_07qNjqXpMrXUocOopDSCWZeI4CwYnFJAXEiB8YCf0A5ivEAIU8A3rLyTGo9wdFbzjp:1uKwOb:nIn_0ClFkpA-UGFxmLpipeudA1Iler3u4lMz31YdZxY	2025-06-13 09:51:25.500173+00
hxzl6ul7mpynxv1a7urdmq9cdvnqrv5r	.eJxVjDsOwjAQBe_iGln2rn-ipOcM1vqHA8iR4qSKuDuOlALamXlvZ562tfqt58VPiV2ZM-zyCwPFV26HSU9qj5nHua3LFPiR8NN2fp9Tft_O9u-gUq9jrcFlcoAh6GCdLNFgIZtVBAsgBClNRScUaNEMrSijG7CAtGCLluzzBQNNN3M:1uIAOu:40kaRqsi2D5a6X8SycCvxZRKuGJIOR3DzMSbK1jkiDk	2025-06-05 18:12:16.347903+00
8917ya1aeisqyu5phq7cvodi6rbcrs5c	.eJxVjMsOwiAQRf-FtSFQhpdL934DGRiQqoGktCvjv2uTLnR7zzn3xQJuaw3byEuYiZ2ZBMVOv2vE9MhtR3THdus89bYuc-S7wg86-LVTfl4O9--g4qjfOkJRyaNxGjJkKzIa4WyapDLW2QJIRUdPjowVHkkmECpOvpikNGlh2PsDLlI4Gg:1uJwiv:DEK3numiJAsHbBs7a6X0NfkJnb1r1ZAEBDFaumCUa6s	2025-06-10 16:00:17.85581+00
e8rkdoaavzxegr417w82gfjbludx379v	.eJxVjEsOwjAMBe-SNYqSWHYCS_acIbKdhBZQK_Wzqrg7VOoCtm9m3mYyr0uX17lOuS_mYjw5c_pdhfVZhx2VBw_30eo4LFMvdlfsQWd7G0t9XQ_376DjufvWqUWXkir6QECJowMmgVolKJ6jCDUM3jlUKuoBiaNAagVDgeYQzPsDGmw30Q:1uKwXN:UmCh8gdc4Tva3VCrNZI3yxG0YlxFTfbPExiqkWAyetg	2025-06-13 10:00:29.188016+00
phhzgfh52wvcr0nv2adt8uhjp0mrgk12	.eJxVjMsOwiAQRf-FtSE8hE5duu83kBlgpGogKe3K-O_apAvd3nPOfYmA21rC1vMS5iQuAgZx-h0J4yPXnaQ71luTsdV1mUnuijxol1NL-Xk93L-Dgr18a0Mme8vsI4FG45itTdqDyeyQR0sKFDhFzjJF8no8Y8IhgTLKAnsW7w8fUThr:1uIASS:AFS00ZOJjh61OSDfqelrOrCNQ2bC4p1iCUobRmTzcns	2025-06-05 18:15:56.063054+00
vm2rvtq9j1t8evd57lq4sd40kgpg4deg	.eJxVjDEOwjAMRe-SGUU4MW7MyM4ZIqdxaQElUtNOiLtDpQ6w_vfef5ko6zLGtekcp2zOBhDN4XdN0j-0bCjfpdyq7WtZ5inZTbE7bfZasz4vu_t3MEobv3Ugh8JdQh6AEvkExCqOPdBJKQApSu-BtcMcHDOyT8RMxyGjADnz_gAFiTcP:1uJwpL:9omuk8Q5pieYAk55uPL6C1yMqU2QAaz1UaUDiiQtldc	2025-06-10 16:06:55.931376+00
8pzb8ph36lvclliev464of26j9sl3gtx	.eJxVjMsOwiAQRf-FtSEdoDxcuvcbyAwDUjU0Ke3K-O_apAvd3nPOfYmI21rj1vMSJxZnARbE6XclTI_cdsR3bLdZprmty0RyV-RBu7zOnJ-Xw_07qNjrtzZI1hEWCqo4GFMObEvR4AfwQZngnc5BFyJt0dtiErBSXg8MY2DQSbw_N584GQ:1uKwkd:ORcHkuZtp4ycxRsKCe8mCAJ_Y2oCAUZXRDycAGZfqXo	2025-06-13 10:14:11.951463+00
t1r0qvqe0moaqs11um78b069e8grrb1a	.eJxVjDsOwjAQBe_iGlk2G3uzlPScwVr_cADZUpxUiLuTSCmgfTPz3sLxuhS39jS7KYqLOBtx-h09h2eqO4kPrvcmQ6vLPHm5K_KgXd5aTK_r4f4dFO5lqz2YkLz2PMBAJhEoItAYWFkcaQOAyqAamXVUNqNWgDYk8hkBkLL4fAHycDdO:1uICzX:j1hlQGGp9wMssbZ_IZCAz4xCo6Bv10j_ysGdLa3A2Ug	2025-06-05 20:58:15.206519+00
ycn3x42sn39x8db4cllr8wjkz6cquwmw	.eJxVjEsOAiEQBe_C2hCYbj7j0r1nIE0DMmogmc_KeHedZBa6fVX1XiLQttawLXkOUxJnodGI0-8aiR-57Sjdqd265N7WeYpyV-RBF3ntKT8vh_t3UGmp33pgxWjRO1WYiE0BzxZYZRfZjgAwJogWUamsdfIQySGCcePAxduC4v0BKpE32g:1uJxYn:YNETGPHL6Qs8lVDSYOnG1q-Esyhe3_dV6U3cZ6LoTi0	2025-06-10 16:53:53.069958+00
3kk0aqxzy98r1cga0ndkfqsib5ca90zw	.eJxVjMsOwiAQRf-FtSEdoDxcuvcbyAwDUjU0Ke3K-O_apAvd3nPOfYmI21rj1vMSJxZnARbE6XclTI_cdsR3bLdZprmty0RyV-RBu7zOnJ-Xw_07qNjrtzZI1hEWCqo4GFMObEvR4AfwQZngnc5BFyJt0dtiErBSXg8MY2DQSbw_N584GQ:1uKxHj:nwQGmWQ_4Sqp5Uvg16xMMqpzWezwJ0w3iWwPBADTtyk	2025-06-13 10:48:23.585691+00
rkwui4up7jwcvv6ouf5gt0g6vohda58g	.eJxVjEEOwiAQRe_C2pAGBigu3XsGAjODVA1NSrtqvLs06UK3773_dxHitpawNV7CROIqrBaXX5givrgehp6xPmaJc12XKckjkadt8j4Tv29n-3dQYit97S1YS8QuKwatABA9MBAqk4xR5LMf0I0wdJwp2gijZtsjx5kzafH5Ag6_OL8:1uIOrN:wpj9UUfcLLToXmDk3PwAdwmoHk0_NBoUZ8WT_XxgdMg	2025-06-06 09:38:37.694985+00
y4qp8d9sfzm0nen0qoltwcqehipd38fl	.eJxVjM0OwiAQhN-FsyH8LBg8evcZyMIuUjWQlPZkfHfbpAfN3Ob7Zt4i4rrUuA6e40TiIjR4cfptE-Yntx3RA9u9y9zbMk9J7oo86JC3Tvy6Hu7fQcVRt7UxBJSV9lyKQ4NMWHQK7EOwBrMji5YSnA043KJYZads9hCc0gmK-HwBUYM4rQ:1uJzhb:KO4qg2D4kbUwdlCBZ_enI5kyfCJaf5TLo4oXxruF6qQ	2025-06-10 19:11:07.732343+00
d873y0asocmjan83g69z8cciruey57jr	.eJxVjMEOgjAQRP-lZ9OwC3a7Hr37DWTbLYKaNqFwMv67kHDQzG3em3mbXtZl7Nea5n5SczGE5vRbBonPlHeiD8n3YmPJyzwFuyv2oNXeiqbX9XD_Dkap47Z21AwQB_YdK7UEEc8eoE1OcNBGgB0FTh16pi2ATtUHYYoIoWsQzOcL54Q2_w:1uIPn0:gelX5wIj71DH6iLW7sLpP5-JedT_Z3tC6cEsTnIucLg	2025-06-06 10:38:10.119555+00
fo21z5dbau00nx2pob1ijszq0mrsfihb	.eJxVjEEOwiAQRe_C2hCGQltcuvcMZJgZpGpoUtqV8e7apAvd_vfef6mI21ri1mSJE6uzAjeo0--akB5Sd8R3rLdZ01zXZUp6V_RBm77OLM_L4f4dFGzlW3s0nfdDymQgg0dJYDK5zloAIEjeZBOIBZmCsT7L2GcrIzsLQRh69f4AMeg4eg:1uK0KR:75TS5GuJjXa11HaVV3tJs5sshTqU5j74K-XH_NqOqcM	2025-06-10 19:51:15.306897+00
nv5ty59b6bsda4wot33er61c398u3zpb	.eJxVjMsOwiAQRf-FtSHMDAh16b7fQHgMUjU0Ke3K-O_apAvd3nPOfQkftrX6rfPipywuwjlx-h1jSA9uO8n30G6zTHNblynKXZEH7XKcMz-vh_t3UEOv3zoBgLFMhFo7Al1sVipRdBSTJVTaoUITz8A28FAGwGwVkSYmKGiceH8A0yM2eQ:1uITvm:EeE7RUzWx70DQuv4bWn-B4Ph4-rw8K8ytPe2EQE9MBI	2025-06-06 15:03:30.171285+00
wiryx15ufiojbjzxb6csqbg85seb0jx2	.eJxVjDsOwjAQBe_iGlnrLPbalPQ5g7X-4QBypDipEHeHSCmgfTPzXsLztla_9bz4KYmLUGcrTr9r4PjIbUfpzu02yzi3dZmC3BV50C7HOeXn9XD_Dir3-q0NOLAxQ7Qq6AEK6OgsRcOIhnVQhcHiYJEISCdUAVFTMhAyFGeIxPsDCik3Gw:1uKDIz:u_jpJCBAfhbScJmXBkVNac5l0BUlqjJlxywF32YFiy0	2025-06-11 09:42:37.129914+00
tdpxztn4fci9qdvpc4uz5ni63tc65qfu	.eJxVjEsOAiEQBe_C2hBohgFcuvcMpOkGGTWQzGdlvLtOMgvdvqp6LxFxW2vcljzHicVZ-CBOv2NCeuS2E75ju3VJva3zlOSuyIMu8to5Py-H-3dQcanf2g2k0kBD0BYscAlBa0XeQmYsDkFhIMbAMBIbBwaogB-VBpVUMejF-wMCejfJ:1uIWE7:tC9KF4xbbmNhnV1JFKt97T_WMYtBA-3T1sruWy7Dhvs	2025-06-06 17:30:35.366224+00
pwajzh4len1oom1sg9mhwg6pnok70hx6	.eJxVjEEOwiAURO_C2hA-SAGX7j0DAT5fqgaS0q6Md5cmXehiksm8mXkzH7a1-K3nxc_ILgzY6TeLIT1z3QE-Qr03nlpdlznyvcIP2vmtYX5dj-7fQQm9jDVJtBMoo20yUkk4i8nJHI3SiizQcBgQCTQggCGphXZkckY3RFqwzxfIZDfh:1uKDeU:UpVxi4E3Jzi9hXirqG-axwOMUpkPmSaOn1506YJF6Wk	2025-06-11 10:04:50.386454+00
bxf0je42zxzt1ghuril0xx45m2ci0pc4	.eJxVjMsOgjAQRf-la9MMwlDGpXu-gcyjtaiBhMLK-O9KwkK395xzX27gbc3DVuIyjOYujsCdfkdhfcRpJ3bn6TZ7nad1GcXvij9o8f1s8Xk93L-DzCV_664CrM-NVgmswY5JQ2MJSVA4EAJVAUHqRHVLMXaW2IiRoQ0tCqq69wfxVDfs:1uIZOr:bxGiponD0phG4tMQDvRXPKpmpyu3B2F8DYy4jb7n9J4	2025-06-06 20:53:53.76258+00
77e21jolqtkluhwvy0s2hvi1rhdmhs0b	.eJxVjTsOwjAQRO_iGlmO_6akzxmstXeNA8iR4qRC3J1ESgHtvDczbxZhW2vcOi1xQnZlgw7s8psmyE9qB8IHtPvM89zWZUr8UPhJOx9npNftdP8GKvS6t4uF4qQMxZD1LmmllDcgiyLaPwGtEMYH6YsDEIMLkLRQGZXBAkie2OcLKGU4ew:1uKEM1:4Gy3z6td2E9qpjyjwNIsUgeQe7xnqKW2-97kHaA-J9g	2025-06-11 10:49:49.657313+00
s9vtv8riioetobcyu0h58br6outrb7do	.eJxVjMEOwiAQRP-FsyFsYaX16N1vaHZhkaqBpLQn47_bJj3oHOe9mbcaaV3yuDaZxymqixpAnX5LpvCUspP4oHKvOtSyzBPrXdEHbfpWo7yuh_t3kKnlbR3AIvsUAXsn2BmfhrDFuIRsmYhAovSdscEDSSLvQAAdJ-8Zmc7q8wUoijkT:1uIbhD:U5gp4MqZJ3hVJaTFWJbEvBHfXcz6WiLvGOzWmAhtYR4	2025-06-06 23:20:59.521771+00
n6sj4nnrdhyxw1b2zfjj9qjy9n9mfnnm	.eJxVjMEOwiAQRP-FsyEFuhA8evcbyMIuUjWQlPbU-O-2SQ96m8x7M5sIuC4lrJ3nMJG4CgWDuPy2EdOL64HoifXRZGp1macoD0WetMt7I37fTvfvoGAv-5q9x5SBTXLaWAfooh7J0gguDlrlhArUaDXB4MBAZmd03gNSQs5ei88XKj04Nw:1uKF8Y:vwCPPTD1CjlrIVscVSgq2iUg7hVS87qnIOJayI-G6YI	2025-06-11 11:39:58.141518+00
uowtfpx7h8law2qegj8yq0x3vh944xm1	.eJxVjEEOwiAQRe_C2pCCg4BL956hGWYGqRpISrsy3l2bdKHb_977LzXiupRx7TKPE6uzilYdfseE9JC6Eb5jvTVNrS7zlPSm6J12fW0sz8vu_h0U7OVb-4ARgofhSI4TAGWxiSx4YYNOrPE5GQk5UsbMAwCfwDkC562EgaJ6fwAYtjh4:1uIibl:otWL_4G2SuapzrmqM-_rUAh7TavL_ep0iz8KbLxn0lY	2025-06-07 06:43:49.554213+00
0rsq87xmgtcxlkan9ej0rcb6xs6ea9in	.eJxVjDsOwjAQBe_iGlnrX-xQ0nMGa71e4wBypDipEHeHSCmgfTPzXiLitta4dV7ilMVZKKfE6XdNSA9uO8p3bLdZ0tzWZUpyV-RBu7zOmZ-Xw_07qNjrt9baEDoGypqD98UGlQ0DG-_HVCwNEBwmSAq9GwiKtUqFQKSNTgAjifcHK3M38w:1uKG3S:gierE1rf5Tk3tDVntbwDrBEeFcJ4kKW3qUmX84PjTmc	2025-06-11 12:38:46.531213+00
en5pbf5v6rzvaoutem99kc9vmqmu0rcp	.eJxVjMsOwiAQRf-FtSHM8Ghx6d5vIAMMUjU0Ke3K-O_apAvd3nPOfYlA21rD1nkJUxZn4bU4_Y6R0oPbTvKd2m2WaW7rMkW5K_KgXV7nzM_L4f4dVOr1WxdIWhNY0DiiRceDU1AwDQZQ6eKMKQhZeVSJbIYINis7Ju-YC3pbxPsD1Rw3Bg:1uIkyk:lZhSjjdByfjhEqbYDvNptyXi2F094QhxlQqjwBDSoyM	2025-06-07 09:15:42.322853+00
m4l389k0dlmzi7ehlcfxgohojmyvlqc9	.eJxVjMEOwiAQRP-FsyGAhQWP3v2GZpcFqRpISnsy_rtt0oNeJpl5M_MWI65LGdee5nFicRHaGnH6TQnjM9Ud8QPrvcnY6jJPJPeKPGiXt8bpdT26fwcFe9nWyhM5j4ysQ8LgyQaVFYGJKushJuDBclZMAGeHCIY3B95ZqzVsKj5fSvA4bA:1uKG7p:jN92x32zFoRzfn-erhk67752GipfytZQ1EOT3KwBWY0	2025-06-11 12:43:17.838493+00
r68i3x49ssm7pq2zj53er3i3iphzcnkl	.eJxVjEsOwiAUAO_C2hA-r4Xn0r1nIHweUjWQlHZlvLuSdKHbmcm8mPP7VtzeaXVLYmeGwE6_MPj4oDpMuvt6azy2uq1L4CPhh-382hI9L0f7Nyi-l_EVOdskCdFEJSPmmNACgMY0G5kn1ABWT2RIzcFL9fVSCUSPQBKFYe8PAws3dw:1uInKU:pRWVVn4lLjPHzuyTb79y5ruN0ABUpr7Qs1IWye2vSXw	2025-06-07 11:46:18.979432+00
92xocdb381jpcruk9q7tycqkk732qlpa	.eJxVjDsOwjAQBe_iGln-JfZS0nMGa9e7wQGUSHFSIe4OkVJA-2bmvVTGba15a7LkkdVZ2c6r0-9KWB4y7YjvON1mXeZpXUbSu6IP2vR1ZnleDvfvoGKr3xrQcexM4oHiEJEBQXwwhpiAGMgUHsDG5GwA9OJEbOwsSR-Ds5R69f4ATJM4ow:1uKHWI:3lXeentyPP2i3TZa97iHuxqJtWgX42ucPUzJNgkIec4	2025-06-11 14:12:38.07619+00
s0bo90po7uxa3zn73rzydtsus9ezl50c	.eJxVjEEOwiAQRe_C2hAKmUFcuvcMZAYGqRqalHbVeHdt0oVu_3vvbyrSutS4dpnjmNVFBVCn35EpPaXtJD-o3SedprbMI-td0Qft-jZleV0P9--gUq_fWlCcL8UMlsGTJ_Euo0FHKRAJY4DihuTYIRoAMEyMNskZfMlo0ar3Bx0UODk:1uInMo:-1mtm5Nm7PFpDRDWFGRQ5BJ1rIEEs6EjLdIGxbLv_lQ	2025-06-07 11:48:42.55959+00
24p63qbwdtd8i5hyg4pf48xobwq1llyh	.eJxVjEEOwiAQRe_C2hCgg4BL9z0DGWamUjVtUtqV8e7apAvd_vfef6mM21rz1mTJI6uLsh7U6XctSA-ZdsR3nG6zpnlal7HoXdEHbbqfWZ7Xw_07qNjqXpMrXUocOopDSCWZeI4CwYnFJAXEiB8YCf0A5ivEAIU8A3rLyTGo9wdFbzjp:1uKHr9:tbqDjkWPnYH0LH_GIFwTL1km8R8Zt7hzagYOa4LP4Uk	2025-06-11 14:34:11.46859+00
m9ailn3i83sfxgrzp1qcuhselkbfndyl	.eJxVjEEOwiAQRe_C2hCmAwgu3XsGMjAgVUOT0q6MdzckXej2v_f-WwTatxr2ntcws7gIAHH6HSOlZ26D8IPafZFpads6RzkUedAubwvn1_Vw_w4q9Tpqh7EAW1VAa2MBCSa0nD0bq5whVj76WDyiUw75jABJobVGT5mzVuLzBetmNws:1uIoKk:tO5cT1hgG0fW4cmy6KY7RIrcBjUI9Jg0fSJspySPJ0U	2025-06-07 12:50:38.110521+00
zdo9anqznzvumgdw60burgetyf2z33k5	.eJxVjEEOwiAQRe_C2pAOFBhcuvcMDTMMtmpKUtqV8e7apAvd_vfef6khbes4bE2WYcrqrMA5dfpdKfFD5h3le5pvVXOd12UivSv6oE1fa5bn5XD_DsbUxm9tghULXaDiBbCUiCa60CM7Q4ULZ0DqwPYRIYpJHRIW7yE7MlYys3p_ACEJOEs:1uKILU:0SspjU7dEQR9vn8FlIlqdfc_WSdZJxjRGoz4mt6BjLY	2025-06-11 15:05:32.223943+00
gzai58xcx0i8aj89v0qymmtjx73wwdbq	.eJxVjEEOgjAQRe_StWlaBmaoS_eeoWlnBosaSCisjHdXEha6_e-9_zIxbWuJW9UljmLOJqA5_Y458UOnncg9TbfZ8jyty5jtrtiDVnudRZ-Xw_07KKmWb-3bHkOgxmflFpi9IDfim0xK5AakkNoghMqdgvOogEMHAtyTE_Bi3h_80De8:1uIrIq:zfkrp-4mhxo4ktC4DpKkjXfPM3NpwTEXKHEScug1hkc	2025-06-07 16:00:52.658982+00
d6zvv3ayz5j3kxe21ty1253eavx9bv9l	.eJxVjMsOwiAQAP-FsyGW5-LRu9_Q7LIgVQNJaU_GfzckPeh1ZjJvMeO-lXnvaZ0XFhcxWSdOv5QwPlMdih9Y703GVrd1ITkSedgub43T63q0f4OCvYzxmZT3QIad0RzAKqMtQ9QElDUFsspFNui8ZuejUjgBJJ1ThmiCAfH5Ahl0N_Y:1uKIPN:7LZFix8DDILOTXni-hH1_5cxU_aZym4j22xXCfEnSkk	2025-06-11 15:09:33.769444+00
ps6zfhmdi6ibtyv848riqe9lyqgg3dzc	.eJxVjDsOwjAQBe_iGln-x6akzxmstXeNA8iR4qRC3J1ESgHtm5n3ZhG2tcat0xInZFcWBnb5HRPkJ7WD4APafeZ5busyJX4o_KSdjzPS63a6fwcVet1rSBAMkNROm2CEctpZWXK2VmtXLAqVUFBOISMV5wfjSEHw0u8JUlDs8wUIyzgU:1uIttm:lhVxEo8FWORV5VuafqzEOYus8OXMQKCn0_XLxhcuI68	2025-06-07 18:47:10.406991+00
0rem826zwbo9k1nrj9tweqcw65zpm02z	.eJxVjMsOwiAQRf-FtSE8nAAu3fsNZBimUjWQlHbV-O9K0oVu7znn7iLitpa4dV7inMVFaHDi9LsmpCfXgfID671JanVd5iSHIg_a5a1lfl0P9--gYC_f2jvlMxJ7ZsaEqLWdgJwLiiDpMxjr2FpFLhhrAA0EJA3KjCRYNYn3B0D0OC0:1uKLoT:QmO8W7981wEh5d-bqDUm_30FaAHBwkJ-wRejLnei-F4	2025-06-11 18:47:41.529684+00
9giiiod5e3q827e89kazljh709299uei	.eJxVjEEOwiAQRe_C2hBKYRCX7nsGMsyAVA0kpV0Z765NutDtf-_9lwi4rSVsPS1hZnER_ixOv2NEeqS6E75jvTVJra7LHOWuyIN2OTVOz-vh_h0U7OVbWwaFzhkmT4lZR0S0pH2GEcFghkFrN7AFpZSNZEYLBDpmz6NVRivx_gAlETf2:1uIulR:FEdrCyBg4PsRdmmGoOkI6kTWcH3sYwEONuSVXVivD0s	2025-06-07 19:42:37.437146+00
qgmwpypmjdx0zlvq4509n59znyllgssr	.eJxVjDEOwjAMRe-SGUU2ld2EkZ0zVI7j0gJKpKadEHdHlTrA-t97_-0G2dZp2Jotw5zdxSEFd_pdk-jTyo7yQ8q9eq1lXebkd8UftPlbzfa6Hu7fwSRt2uuOqAMkYEEjSNrlyMBIHEzsbGkMxqBCaiOEiBj7MUlUBuyjsLjPFyBIODY:1uKPHD:bq_yCS4xsv1HZs8TyDlwOanrySKqRe4LhjZxTpIAQMg	2025-06-11 22:29:35.039125+00
pm8x7p0vtba76qy25sxpjmmzbwv7qwbc	.eJxVjEEOgjAQRe_StWkqMGXq0j1nIDOdjqCmTSisjHdXEha6_e-9_zIjbes0bjUt4yzmYkIwp9-RKT5S3oncKd-KjSWvy8x2V-xBqx2KpOf1cP8OJqrTt3bgU_SNa6EPESIGFBbXsyo1vvPktcXkSbTr4IwMoDGwCwwoDaKSeX8ADrI4YA:1uIxxN:9Ad7z9O-INn44fuTnhoyV6U39lNWHcrl7R0Y8aW4p2Y	2025-06-07 23:07:09.899835+00
5lncrxz7dhn50iyxtgn5pkx49x8ohwel	.eJxVjDsOwjAQBe_iGlm24t9S0nMGy-vd4ACypTipIu5OIqWAdmbe20RM61Li2nmOE4mr0BbE5Zdiyi-uh6Jnqo8mc6vLPKE8EnnaLu-N-H0727-DknrZ107bEZmUsWwcjQDoiJVWHlTQYcceBkMGyHmmQGowmrwBh2iz1Q7F5wseXzeW:1uKXmp:K_7cIb5HuNkbTUG_IoZlOi27vIwHQeqfnwxCe98Qh1s	2025-06-12 07:34:47.183089+00
0pd5wzlevtpecc6rmnq2vkr03civtlld	.eJxVjEEOwiAQRe_C2hCgA7Qu3fcMZJgBqRqalHZlvLsh6UK3_7333yLgsZdwtLSFhcVVaKXE5XeNSM9UO-IH1vsqaa37tkTZFXnSJueV0-t2un8HBVvpNeM0gPUpk8mQk7NAMGYF7MCDIh2jty55jdoo7awBZoKB2BBoGCfx-QIzSjf9:1uIzeE:bMiUyh6g6rf8-IlAAYyfq9mO3nrhI_5w4Bmy-u1euHI	2025-06-08 00:55:30.418446+00
hyeyns94jrszby63f6k62dshit8x40i4	.eJxVjDsOwjAQBe_iGll2_FtT0nMGy-v14gCKpXwqxN0hUgpo38y8l0h5W1valjqnkcRZgBKn3xFzedRpJ3TP063L0qd1HlHuijzoIq-d6vNyuH8HLS_tWzNqClgsGS7KQrUxAuvB18AYLQNGj66AqpacA-sCDw5YmeK0ydmTeH8AIew4Vg:1uJ0us:-z_Dr7SOWntmAUvvHDajapTtc5Fk0lRF1KciMD_mkWI	2025-06-08 02:16:46.581815+00
dywnmtv1ag9o0s48ll63bd70b5mn5u0r	.eJxVjLEOAiEQRP-F2hCWk0Us7f0Gwu4SOTWQHHeV8d-V5ApNppr3Zl4qpm0tcet5ibOoswID6vDbUuJHrgPJPdVb09zqusykh6J32vW1SX5edvfvoKRextpigilPRpyBRGicBED-xhsI6IEsh6M4ZAcgxjNZFBuIhBGBT-r9AQ2sN7Y:1uJ79Y:VF5TgIpl-l0swEMi8ecaD5IRYtYbGRdRrIWdq-k0KeI	2025-06-08 08:56:20.174733+00
sfpncbi77g6tyct03toadsj8e7n9x91f	.eJxVjDsOwjAQRO_iGlnOKnZsSnrOYM16HRxAiZRPFXF3HCkFFNPMvDe7itjWErclz3EQdVWNIXX5bRnplcdjkifGx6TTNK7zwPpA9Lku-j5Jft9O9u-gYCnV7hMoSQMnLrcSOulqYBgIHZPzIcDBt0zWw_Yts5EqEIJNZHqQ-nwBWx85Sw:1uJ7Jo:KRE_pCiRSp7xZ3tN6iJ1KMoT2r4eKaKComAn8-WVFFk	2025-06-08 09:06:56.400697+00
9e2gq4452mbdkdswbwx81ulgkg0w8nb8	.eJxVjEEOgjAQRe_StWnaToGOS_ecoZnptIIaSCisjHcXEha6_e-9_1aRtnWIW81LHEVdlTWgLr8rU3rm6UDyoOk-6zRP6zKyPhR90qr7WfLrdrp_BwPVYa8xdGQ6w9kXRsgI5KUpmRy5zjcSCnJwtiXPNiCgtAYhJAG7exaE1ecLLco4Pg:1uJ89d:eSIEHawfXolg-h5HzIAJY0cbNoAhC2F106qv-Q34QlQ	2025-06-08 10:00:29.214284+00
z1ptke8tupck3j6sw45ev8k972etrimn	.eJxVjMEOwiAQRP-FsyGAFBaP3v0GsiyLVA1NSnsy_rtt0oPeJvPezFtEXJca185zHLO4CK2sOP22CenJbUf5ge0-SZraMo9J7oo8aJe3KfPrerh_BxV73daM4YzZeCyQGMkigGWLedBQ0GguTIktJHJGWR1AOU9uy8n7wengxOcLYFc4nA:1uJ8G3:6YZIb86BSwp-sbi4y_ufISgQhhn6nZ3FINQ4JEG2A4Y	2025-06-08 10:07:07.651972+00
ydw6117q8nql84bb2i2gr4mtz0hm5z9k	.eJxVjEsKwjAUAO-StYSXT9vo0r1nCO-TmKqk0LQr8e4S6EK3M8O8VcR9K3FvaY2zqIsyMKjTLyXkZ6pdyQPrfdG81G2dSfdEH7bp2yLpdT3av0HBVvqYXPZjYJm8cclZzGxhBJ-zMBAntmwM8zSw9c5JIAhnEIRgHGXDqD5fPG84yw:1uJ8wV:YdSGE_oCV-dzNRalbcMiJ8QABWMlkgGgmm107wsWXQI	2025-06-08 10:50:59.064148+00
d24y787do584nuvrvcbsdnmaohwvglog	.eJxVjEEOwiAQRe_C2pChZIC6dO8ZyDADUjU0Ke3KeHdt0oVu_3vvv1Skba1x63mJk6izMuDU6XdNxI_cdiR3ardZ89zWZUp6V_RBu77Okp-Xw_07qNTrtyYnOARnuFjykiRzQPRGskcSwAHFFi4BAIqjURwk67IfbSrEngyr9wdIOTkj:1uJ9B4:K4hlU2Pxi1b81c29ZJKNxC78BMdY1aUxwii4K4m3Ksw	2025-06-08 11:06:02.223493+00
zyynj43yc03t2srlp0uafn3q47hcwaka	.eJxVjMEOwiAQRP-FsyGAFBaP3v0GsiyLVA1NSnsy_rtt0oPeJvPezFtEXJca185zHLO4CK2sOP22CenJbUf5ge0-SZraMo9J7oo8aJe3KfPrerh_BxV73daM4YzZeCyQGMkigGWLedBQ0GguTIktJHJGWR1AOU9uy8n7wengxOcLYFc4nA:1uJ9vC:AN8sI_CmhnObYpzcjG2629lrgO5QOJgdvjaYZzjqqLU	2025-06-08 11:53:42.349934+00
4bhhufcuxva5a1fe4or2vuakfk41n0yj	.eJxVjMEOwiAQRP-FsyEIC7UevfcbyLILUjWQlPZk_Hdp0oNe5jDvzbyFx23Nfmtx8TOLqzirQZx-24D0jGVH_MByr5JqWZc5yF2RB21yqhxft8P9O8jYcl9bB-ZigrNgBwpj5KQd9tAmoSUg5uQQCBMYNKytYgdaj8wqxK6D-HwBPjk5Ig:1uJA7X:pbXkMHvAEvVZAhHoKzSrAmkUp5lEkD2LCBEQ2eW2Dzc	2025-06-08 12:06:27.960928+00
b0luxvhl6dtmh8c39hh5yd1xv2ex6ape	.eJxVjEEOgjAQRe_StWlKaYepS_eegUxnpoIaSCisjHdXEha6_e-9_zI9bevQb1WXfhRzNo1Dc_pdM_FDpx3JnabbbHme1mXMdlfsQau9zqLPy-H-HQxUh2-tER0kiCjBS0RIGSSUwJSwNF1JBTKgOvJZ24Khw1aYEHzhRn0QNu8PJow4lQ:1uJAw4:QYnSms3UlgojKd0bB6t7RDiNQpJJsRT4FwppizYxaPU	2025-06-08 12:58:40.18066+00
nrfbjtphacqghvoc7qie6pveaen2vfqg	.eJxVjEEOwiAQRe_C2pCBDkVcuu8ZyMAMUjVtUtqV8e7apAvd_vfef6lI21rj1mSJI6uLMhDU6XdNlB8y7YjvNN1mnedpXcakd0UftOlhZnleD_fvoFKr35ociwNKDqxgyCWkIlBKzyhIzMajt9B33hrTBRBmCy5bRJOywbNn9f4ASPM4VQ:1uJBF3:OI2DmvKXd75MViLSFAsXRgQFb1sEdAX_0zg4AZGb1gc	2025-06-08 13:18:17.173428+00
319boe9h8j9kl904wlret9s8qllirlc2	.eJxVjMEOwiAQBf-FsyHAQgGP3v0GsrAgVQNJaU_Gf9cmPej1zcx7sYDbWsM28hJmYmcmpWCn3zVieuS2I7pju3WeeluXOfJd4Qcd_NopPy-H-3dQcdRvbRWSLspOLkdPqhRwKhk7GV20TegkCONQI4FWKEom48EkraQ3VgJE9v4AJDc3qQ:1uJC9H:Aoa_WaiiTDz6UkdO89LppZSQKt7qyWRg4sQVBenpkyI	2025-06-08 14:16:23.540266+00
tashc4f8bglmkqbjbcabi0d3jt9bhakf	.eJxVjDsOwjAQRO_iGlmsP1mLkp4zWLv2GgeQI8VJhbg7iZQCypn3Zt4q0rrUuHaZ45jVRQGAOv22TOkpbUf5Qe0-6TS1ZR5Z74o-aNe3Kcvrerh_B5V63dYMxp5Z2KD4khOhJApbYgG0wSIySAGP2RbyQ_ESLATnh2QEnBNSny9KKDi_:1uJC9t:vrjIHkKf6y_O8Js4svOTNHvTb50U6Y9Zj2mjav-mnvw	2025-06-08 14:17:01.01864+00
uy37b4iyji45xjpyqn1iuyg9q12156r5	.eJxVjEEOwiAQRe_C2hAonYG6dO8ZyAwMtmpoUtqV8e7apAvd_vfef6lI2zrGrckSp6zOytpOnX5XpvSQuqN8p3qbdZrrukysd0UftOnrnOV5Ody_g5Ha-K3T4IDZ2gxlEMjYB5eQBgieSw-m90gBDQICC5niiQMjMVlxnRMp6v0BKR44nQ:1uJCHD:UxfXrvQiE6LSGf_O-Zvf43SmgE0a2M-vNZOVhnndUqM	2025-06-08 14:24:35.255556+00
omoyqkyc374zi2a938w168jecse3nety	.eJxVjEEOwiAURO_C2hDg0wIu3fcM5AO_UjWQlHZlvLs06UJ3k5n35s087lv2e6PVL4ldmZTALr9twPikckzpgeVeeaxlW5fAD4Sfa-NTTfS6nezfQcaWu-1C0I6cVs4QiDREpEFrSU6gFRIkoOoxqTRbo2GcRUApVDfQwhgNss8XG-o3zw:1uJCIZ:7_GE5FxDJr67jR75i6zvqj_KCYA6SNZ7WdqVgl2zPF4	2025-06-08 14:25:59.513547+00
lxq5y03y8fpvqxde3js7dq6vx4shxunj	.eJxVjMsOwiAQRf-FtSEMr4JL934DGQaQqoGktCvjv2uTLnR7zzn3xQJuaw3byEuYEzszAM1Ov2tEeuS2o3THduuceluXOfJd4Qcd_NpTfl4O9--g4qjf2qssgKQiJc3kAVE7dOStcHKy0SD5kgsJKjqlgil6pYp0xoLADACWvT8okDhe:1uJDGe:bMFxcA_c5muvdOv6g3G7ahGElbbpc9SijjRgSFK9Gq0	2025-06-08 15:28:04.937531+00
aj7n3hilqg1j9dcwd6ik0nc36k74zh04	.eJxVjEEOwiAURO_C2hDgQwWX7j0D4cNHqgaS0q6Md5cmXehqknlv5s182Nbit06LnxO7MCkNO_22GOKT6o7SI9R747HVdZmR7wo_aOe3luh1Pdy_gxJ6GesYUSFZaVCIKQsNWTlr0ggZnMoOELKjSZHTOjsBVgRQcDZxcJtQss8XKTM3zw:1uJDpL:wxiuMmp6ouDrqcJR6sWvJ8fQZmuNRoZxLfNc8xWZ1yU	2025-06-08 16:03:55.244511+00
u6kdidrozrwgvji8a4mlawtti08974jw	.eJxVjDkOwjAQAP_iGlm-svZS0ucN1vrCAeRIcVIh_o4spYB2ZjRv5unYqz963vyS2JVJCezySwPFZ25DpQe1-8rj2vZtCXwk_LSdz2vKr9vZ_g0q9TrGEQMKp7UUkwADAi2gSqJgQiVJao2kXC4RXLIZJoo2yEKgIBeDxbDPF_enN4w:1uJE8o:LTs7gdVlYwCO2WACn93NrpH6uXL54dRdbk-2yYUM0pg	2025-06-08 16:24:02.827698+00
1kekl763kjviffeburd7tdwmkwi43j7u	.eJxVjEsOAiEQBe_C2hAa7AZcuvcMEz6NjBpI5rMy3t2ZZBa6fVX13mII61KHdeZpGLO4CAArTr9rDOnJbUf5Edq9y9TbMo1R7oo86CxvPfPrerh_BzXMdatVVMV5QxAzsE26IGblyRiLrBQh62QRC0DRRExnFyxoFwmTN1voxOcLDx83MQ:1uJEV3:iy2naQCyvN7rop23Cl0abgkMFKK5o7ICMykFRUpuO1A	2025-06-08 16:47:01.301501+00
nysyey11u5l71mvu8jcpltji23hwu2yh	.eJxVjMsOwiAQRf-FtSFAeRSX7v0GMswMUjU0Ke3K-O_apAvd3nPOfYkE21rT1nlJE4mz0HoUp981Az647Yju0G6zxLmty5TlrsiDdnmdiZ-Xw_07qNDrt87FWmZDIapBBVTBIxsuGAqa7B1hGJgicnGoUXsFjphIl9FoCLZE8f4AWsk5jw:1uJFHO:GIILltUn_frJrKbOGtT51NcQbFLd9WwRI6XYGMepKMU	2025-06-08 17:36:58.818369+00
jjwsb238c9v78l9uifjqyxjjfi7lh72p	.eJxVjMEOgjAQRP-lZ9N0u7S0Hr3zDWS72wpqIKFwMv67kHDQOc57M2_V07YO_Vbz0o-irgogqstvm4ifeTqQPGi6z5rnaV3GpA9Fn7Tqbpb8up3u38FAddjXBTBgKdG5Eqx3rnWeMkTvW-YmkHWhkDWIVlDEAANLBrPHpwYjB_X5AhK3N3c:1uJGTn:TGTojJayyA58lHERKBpALaazMZej8ATWXkN0g5paa-Q	2025-06-08 18:53:51.991371+00
w2r79e78l3ok90x6ocqrlzndoicwl4am	.eJxVjEEOwiAQRe_C2pBh2kFw6d4zkAGmUjU0Ke3KeHfbpAvd_vfef6vA61LC2mQOY1YXZRDU6XeNnJ5Sd5QfXO-TTlNd5jHqXdEHbfo2ZXldD_fvoHArW91bceJtJ4ZdYp8yW0QTydHgyJODAYi686YRZBTbcyQQsskDGjRGfb4b2zdH:1uJGsS:1RwWs71wFBhHswNPvxH2EvKsuUlp9ivZUvXReg1QNOM	2025-06-08 19:19:20.818929+00
fdy3emg65xf27drtgc7hc98k7740dasa	.eJxVjDsOwjAQRO_iGlnLxr-lpM8ZrLXX4ABKpDipEHcnkVJAOfPezFtFXpca11bmOIi6KPTq9Fsmzs8y7kQePN4nnadxmYekd0UftOl-kvK6Hu7fQeVWt7UhB-jABQDyRGCJfEHpsmEEk63bMgoEDtIlIkNe2FOHZP2tAJ7V5wu2IzYk:1uJKTa:9wksy0RKEqbYMkoK5Nvpmza8ufACgGUUOFX89N7PUTs	2025-06-08 23:09:54.206822+00
wlrmscg8l8k1u19xex6wqficr3eceqad	.eJxVjMEOwiAQRP-FsyFsYaX16N1vaHZhkaqBpLQn47_bJj3oHOe9mbcaaV3yuDaZxymqixpAnX5LpvCUspP4oHKvOtSyzBPrXdEHbfpWo7yuh_t3kKnlbR3AIvsUAXsn2BmfhrDFuIRsmYhAovSdscEDSSLvQAAdJ-8Zmc7q8wUoijkT:1uJQDy:UN4DokDXUwsv7q3kF_vsEVcKaW3knsXd1hD-8Y8MXaA	2025-06-09 05:18:10.931833+00
uivg8dphvl60mg7z53vumcwjiq19ykmh	.eJxVjMsOgjAQRf-la9PQGdqCS_d-A5lHa1EDCYWV8d-VhIVu7znnvsxA21qGraZlGNWcjQNnTr8rkzzStCO903SbrczTuoxsd8UetNrrrOl5Ody_g0K1fGvfcRBl7GODEpqGNeUemFqE5L2P0WHiDK1AbjMGJ6ydKnlCBYGA5v0BNcc4tA:1uJRk1:FJWNbP3Jhfj1nAc1EIUrAcLp9LNSqQHHDjp7oY5V20g	2025-06-09 06:55:21.25068+00
vhj9sk8fkccti8gvh7op7kwcr1m5a6rz	.eJxVjMEOgjAQRP-lZ9PAdktZj975hmbbLRY1JaFwMv67kHDQ0yTz3sxbed7W7LeaFj-JuqoWQF1-28DxmcqB5MHlPus4l3WZgj4UfdKqh1nS63a6fweZa97XfQMdkUOHthM0PWBkSmwhorMkRogbQwbB4ejaPUyyI8YALI5YWH2-7543XA:1uJV84:VyS6ideliqbkP5dFfjfja3aBBy_yN-YNDq7dX1P-Whw	2025-06-09 10:32:24.306045+00
7l9v3h5o619l5ihdpijdd3my8gcvf7vj	.eJxVjDsOwyAQRO9CHSHMx0DK9D4DWtglOIlAMnYV5e6xJRdJM8W8N_NmAba1hK3TEmZkVzZIxS6_bYT0pHogfEC9N55aXZc58kPhJ-18akiv2-n-HRToZV8nIkdZk4oIpKzwoPeQFvQohDcDgkHlIKuMKeckjDMqjc56b6RHadjnC0xsOH4:1uJVPt:r721_BxIqnCdygvErrzVVeFZqyjZee4oEuoIkKHGHMo	2025-06-09 10:50:49.797434+00
6cy913tf9jc1pmjoevsq574o7ddcdn41	.eJxVjMsOwiAUBf-FtSG8SsGle7-BcB9I1dCktCvjv2uTLnR7Zua8RMrbWtPWeUkTibMw4vS7QcYHtx3QPbfbLHFu6zKB3BV50C6vM_Hzcrh_BzX3-q3BOKUsGywDM3C0ox-td9ohB8ymIIVCSjsgXcBEtIpoAAoUtQ3BG_H-APfYOF8:1uJX1T:hq4JraOxlTQSH3WcNzajmfuxFr-W-oBoejZIao3Tdf8	2025-06-09 12:33:43.121693+00
n1pfdahmpkwxcfgujekro49qnn3d9hq8	.eJxVjEEOgjAURO_StWn4pb-2Lt1zBtL2TwU1kFBYGe-uJCx0O--9eak-buvQbxVLP4q6KDJWnX7XFPMD047kHqfbrPM8rcuY9K7og1bdzYLn9XD_DoZYh2_dkHhuJVsG40zBMVJpfEAAiYHx1hlykl0JQlws2tiAwFI8LMio9wcqTzh5:1uJYqV:C-9u2U28tQk-kvvZJuWlXSxqzxoQKO7Hbi9FPvPGSdc	2025-06-09 14:30:31.610529+00
cttbhdg2w57fi7sdz1j7cre8wy1rkflr	.eJxVjDsOwjAQBe_iGllrL1nHlPQ5g7XrDw4gR8qnQtwdIqWA9s3Me6nA21rDtuQ5jEldlLGdOv2uwvGR247Sndtt0nFq6zyK3hV90EUPU8rP6-H-HVRe6rfORrLzHaPriDiBoCOUCBaNR5-cEQBkA1DsWUqPvhAwkEXiAr2Qen8AE503XA:1uJa3M:hUvmRWZQtsFZJk76KRE-TkKfkr2gpgSqIAMwz8y9zrU	2025-06-09 15:47:52.181429+00
omkgmyuhrcxwnn2izr7fdepvwgazxg1f	.eJxVjEEOwiAQRe_C2hCGDg24dO8ZyMAMUjU0Ke3KeHdt0oVu_3vvv1Skba1x67LEidVZgR3V6XdNlB_SdsR3ardZ57mty5T0ruiDdn2dWZ6Xw_07qNTrtx4ke_EIJnvwyTsM3gUsRIggTAMWKI6KhZTQZRQKIzpDNhc2JTCo9wcszziY:1uJaV5:oqkDopiBBtJT3MFLWRUztVwelMtnLnROArVR02nPCRc	2025-06-09 16:16:31.673398+00
dh3whbhcq2xe7gkjpaq68hmbd74sps1x	.eJxVjDsOwjAQBe_iGlmOY-8mlPQ5Q7Q_cAAlUj4V4u4QKQW0b2bey_W0raXfFpv7Qd3ZVRHd6XdlkoeNO9I7jbfJyzSu88B-V_xBF99Nas_L4f4dFFrKt7aQkbFlNgp1A1dFEQEAwVQTNZW1yqLICeqUSSjmDCm0pIhAwaJ7fwBNNzjL:1uJbUh:9265wuOuzDbqxZLLXuFmU4usy_Y4LFdNsheFYnN75N0	2025-06-09 17:20:11.03535+00
8rrdmxu892j3tsle3568aunfg82mec66	.eJxVjEEOwiAQRe_C2pChFBhcuvcMZIBBqqYkpV0Z765NutDtf-_9lwi0rTVsnZcwZXEWakBx-l0jpQfPO8p3mm9NpjavyxTlrsiDdnltmZ-Xw_07qNTrt47o2I46gfJc9IAZExkTgZxDoGSweEXAoAkhs7c0WB-1GV12KULx4v0BLUw4Qw:1uJbZ9:_jYxpRIBchlJD_wKKMG5oPNZt0NvDcms_-jT-Z_hvhc	2025-06-09 17:24:47.602129+00
1vr0s1poojyoujuigl4tor2dlqama8td	.eJxVjEEOwiAQRe_C2hCYAjIu3fcMZIBBqoYmpV0Z765NutDtf-_9lwi0rTVsnZcwZXERGlCcftdI6cFtR_lO7TbLNLd1maLcFXnQLsc58_N6uH8HlXr91gXYYkQDZBKrAho4OufdgOQ0QjaWiz9jRps8G0bORgEnZf3gCvgo3h8uUDgv:1uJcAl:Mow1oDMqkwjlv5MQut-8ZKJVErRZpaDANaELn9tcRJo	2025-06-09 18:03:39.636521+00
wuydcjnz70jmh3z34ahr7hggb450v3et	.eJxVjEEOwiAQRe_C2pCBCQVcuvcMZGBGqRqalHbVeHdt0oVu_3vvbyrRutS0dpnTyOqsDII6_a6ZylPajvhB7T7pMrVlHrPeFX3Qrq8Ty-tyuH8HlXr91hE8R8wgIbgCbL13SM4RIhYxAdhwFLBWBinRAKBIpKHcJBNGAKfeHxVyN_g:1uJd68:ciVWH1zPNcB618h5jKa9PD44GKZMpFS9TWtP-RvnNA0	2025-06-09 19:02:56.231624+00
4932yzhs15fp2h1s3psrrxjhe0zopiln	.eJxVjEEKwyAQAP_iuUjUqNhj732DrLtrTVsUYnIK_XsRcmivM8McIsK-lbh3XuNC4iqUUeLySxPgi-tQ9IT6aBJb3dYlyZHI03Z5b8Tv29n-DQr0MsaMYQ4BkCBTcowOg1PJITvOExntvYaMnjNOs1HWsAZtvVbampRyFp8vYz45UQ:1uJdIC:PTB0n4PnagauHWCg-C8ut16NueSF-bq2IraWJ3ha1qk	2025-06-09 19:15:24.140765+00
8r1ntuji5e95knd1t1xfy9p6toz12n2s	.eJxVjEsOwjAMBe-SNYoSx00wS_Y9Q-TaCS2gVupnhbg7VOoCtm9m3stk3tY-b0uZ86DmYnwAc_pdO5ZHGXekdx5vk5VpXOehs7tiD7rYdtLyvB7u30HPS_-tqYlIQXzwiZBjhQDc1OJdIVRRIUzQ1FCVMBII4BkhqkBxLrkusXl_AAmCN4A:1uJdMS:zUYAX5OpceY88kwFEsNkmfYMjE9X7jjShwh4ncDPLFM	2025-06-09 19:19:48.386707+00
0ojs8gg35105urlp2j869bw5x7v9jhbi	.eJxVjDsOwjAQBe_iGlle_6Gkzxks73qFA8iW4qRC3B0ipYD2zcx7iZS3taZt8JLmIi4CjBGn3xUzPbjtqNxzu3VJva3LjHJX5EGHnHrh5_Vw_w5qHvVbu2LOSGyYHVtjgmZ0pCxkR5G800Fj1MSgowJNBIC2gELFvvjA1ov3BzKrOBw:1uJdpl:kT5ks1zy3LXl_E6YObWnBQ3MrFRK27H3bS_SXCoWaME	2025-06-09 19:50:05.71183+00
nymyffyza6atrdks91xzgzanyxyt95bl	.eJxVjMsOwiAQRf-FtSHQ4enSvd9ABgakaiAp7cr479qkC93ec859sYDbWsM28hJmYmcmQbHT7xoxPXLbEd2x3TpPva3LHPmu8IMOfu2Un5fD_TuoOOq3RhKJwJAWzhUNRkYTMyirCkovMIJAsJTBTVl47VMUk0UqkJKR1jti7w8yojhh:1uJe73:foMOTFQ7n-vUQwUb_MMJmLORQU6Pekh6U9uBr-wqMpQ	2025-06-09 20:07:57.62711+00
eumj1dh67kx7hhq0yvlo5vui4uqijlen	.eJxVjM0OwiAQhN-FsyGUsiAevfsMZHdZbNXQpD8n47tLkx70NMnMN99bJdzWIW2LzGnM6qK6HtTptyXkp9R9yg-s90nzVNd5JL0j-lgXfZuyvK4H-ycYcBna29tsyHHzZ5C-GE8FCcDbcwzA4KIp4GwgF53HFsEUFiaMLNb0HanPFyLSODI:1uJerw:FyWMeo0xz0bz5R0YyHQSG-HGLJK_n27q1duJHdmVsKQ	2025-06-09 20:56:24.31362+00
kty417n8cs48h424u38yuhn30kpmsv3z	.eJxVjEEOwiAQRe_C2hCGwbG4dO8ZmmEAqRpISrsy3l2bdKHb_977LzXyupRx7Wkep6jOCpDU4XcNLI9UNxTvXG9NS6vLPAW9KXqnXV9bTM_L7v4dFO7lWzsHxGAJxePR-GwS2EgGOZLwQOhctOIBjWFzgmAHIetRsrCz4LNT7w_87jcr:1uJfxU:UcdkCX-q25BG8OLZXtUNXnJ8BJux6btjfUEgTP9P2R8	2025-06-09 22:06:12.77382+00
bum8vlmn8apl6iy9whc8li6sne7u8qg5	.eJxVjEEOwiAQRe_C2hAYpoy4dN8zkCkDUjVtUtqV8e7apAvd_vfef6nI21rj1vISR1EXZR2p0-86cHrkaUdy5-k26zRP6zIOelf0QZvuZ8nP6-H-HVRu9Vt3kGBIeCYix2TFFPZsM2ARARQr2QEaCg4IWRC6UAqLd6UDY8QH9f4AKiI4AQ:1uJgFu:482AVHFw8qvx6_4MSpsTdaaQUYs0C3ut2pC0rzhipNk	2025-06-09 22:25:14.278852+00
\.


--
-- Data for Name: minecraft_app_cartitem; Type: TABLE DATA; Schema: public; Owner: novania_db_user
--

COPY public.minecraft_app_cartitem (id, quantity, added_at, rank_id, store_item_id, user_id, metadata) FROM stdin;
114	1	2025-05-25 11:00:19.296177+00	3	\N	105	{}
61	1	2025-05-18 12:14:52.920407+00	4	\N	15	{}
170	1	2025-05-29 17:58:51.985663+00	5	\N	154	{}
120	1	2025-05-26 19:21:00.606926+00	1	\N	132	{}
63	1	2025-05-18 14:09:10.012838+00	4	\N	12	{}
122	1	2025-05-26 22:25:57.297018+00	\N	8	137	{}
68	1	2025-05-19 19:35:34.231306+00	4	\N	25	{}
131	1	2025-05-27 14:46:29.538113+00	4	\N	80	{}
139	1	2025-05-27 16:09:49.59829+00	2	\N	142	{}
143	1	2025-05-27 19:16:24.253638+00	1	\N	26	{}
\.


--
-- Data for Name: minecraft_app_dynamicmappoint; Type: TABLE DATA; Schema: public; Owner: novania_db_user
--

COPY public.minecraft_app_dynamicmappoint (id, name, point_type, location_x, location_z, description) FROM stdin;
\.


--
-- Data for Name: minecraft_app_nation; Type: TABLE DATA; Schema: public; Owner: novania_db_user
--

COPY public.minecraft_app_nation (id, name, leader, founded_date, description, capital, flag_image, real_world_country) FROM stdin;
\.


--
-- Data for Name: minecraft_app_rank; Type: TABLE DATA; Schema: public; Owner: novania_db_user
--

COPY public.minecraft_app_rank (id, name, description, price, color_code, is_donation, features, kit_image, duration_type, exclude_from_discounts) FROM stdin;
1	Hros	Commencez votre aventure avec des avantages exclusifs ! Le rang de Hros vous accorde des commandes essentielles et des bnfices pour amliorer votre exprience de jeu.	5.00	#2ecc71	t	Jusqu' 3 /sethome\r\n/rtp rduit  45 minutes\r\n5% de rduction sur les Trsors Exclusifs\r\n/disposal - Poubelle virtuelle\r\n/craft - Table de craft virtuelle\r\n/grindstone - Retire les enchantements des objets\r\n/stonecutter - Travaille les blocs de pierre\r\n/repair (temps de recharge de 6 heures) - Rpare les objets endommags\r\nCommande /ptime (changer l'heure personnelle)\r\n/workbench (table de craft portable)\r\n/tfly dans votre ville (1H/jour)\r\n/givehead nom_utilisateur (1 tous les 10 jours) - Collecte des ttes de joueurs\r\n/kit Hros	ranks/vip_kit.png	lifetime	f
5	Premium	Boostez votre exprience de jeu avec des avantages pratiques et exclusifs. Le Premium mensuel offre un accs prioritaire et des outils de personnalisation pour enrichir votre aventure sur Novania.	4.99	#e41230	t	- + rouge  ct de votre grade actuel\r\n- File d'attente prioritaire\r\n- /editsign (modification des panneaux avec couleur)\r\n- /n /t set mapcolor [couleur] Personnalisation couleur ville/nation sur la carte Novania\r\n- /kit Premium (2 cls or par semaine d'une valeur de 4 euros l'unit)	\N	monthly	t
4	Divinit	Accdez au statut divin avec les avantages les plus exclusifs disponibles. Les divinits bnficient d'avantages maximaux, d'une visibilit accrue et de capacits uniques qui les distinguent de tous les autres joueurs.	30.00	#e84393	t	Prfixe color [Divinit]\r\n/rtp rduit  5 minutes\r\nJusqu' 10 /sethome\r\n20% de rduction sur les Trsors Exclusifs\r\n/repair (temps de recharge de 1 heure)\r\n/ascend - Vous tlporte vers le haut\r\n/nv | /nvoff pour vision nocturne permanente\r\nCommande /glow (effet lumineux)\r\n/tfly dans votre ville (6H/jour)\r\n/givehead nom_utilisateur (1 tous les 3 jours)\r\n/kit Divinit	ranks/deity_kit.png	lifetime	f
3	Titan	Imposez le respect avec des effets spciaux et de puissantes options de personnalisation. Les Titans disposent d'avantages significatifs qui transforment leur exprience de jeu.	20.00	#3498db	t	Prfixe color [Titan]\r\n/rtp rduit  15 minutes\r\nJusqu' 8 /sethome\r\n15% de rduction sur les Trsors Exclusifs\r\n/repair (temps de recharge de 2 heures)\r\n/back\r\nCommande /hat (porter des objets sur la tte)\r\n/tfly dans votre ville (4H/jour)\r\n/givehead nom_utilisateur (1 tous les 5 jours)\r\n/kit Titan	ranks/titan_kit.png	lifetime	f
2	Champion	Dmarquez-vous avec un style anim et des capacits tendues. Les Champions bnficient de rcompenses amliores et d'une plus grande libert sur le serveur.	10.00	#f1c40f	t	Prfixe color [Champion]\r\n/rtp rduit  30 minutes\r\nJusqu' 5 /sethome\r\n10% de rduction sur les Trsors Exclusifs\r\n/repair (temps de recharge de 3 heures)\r\nCommande /pweather (changer la mto personnelle)\r\n/enderchest (coffre de l'Ender portable)\r\n/anvil (enclume portable)\r\n/smithingtable (table de forgeron portable)\r\n/tfly dans votre ville (2H/jour)\r\n/givehead nom_utilisateur (1 tous les 7 jours)\r\n/kit Champion	ranks/champion_kit.png	lifetime	f
\.


--
-- Data for Name: minecraft_app_serverrule; Type: TABLE DATA; Schema: public; Owner: novania_db_user
--

COPY public.minecraft_app_serverrule (id, title, description, "order") FROM stdin;
10	Triche, exploitation de bugs et comptes alternatifs	1.1 Clients permettant de cheat & autres mods\r\nLes clients de triche, les touches macro et les autres modifications qui donnent un avantage de jeu sur les autres joueurs ne sont pas autoriss. Les joueurs enfreignant cette rgle seront bannis de manire permanente.\r\n\r\nExceptions autorises :\r\n\r\nOptiFine et autres mods d'amlioration de performance,\r\n\r\nMods affichant larmure et les effets (HUD),\r\n\r\nMods de minimap, sauf sils montrent plus dinformations que la carte du site web,\r\n\r\nMods purement esthtiques,\r\n\r\nLitematica sans la fonction "printer" (Schematica nest pas autoris),\r\n\r\nContactez le staff du serveur si vous ntes pas sr quun client ou qu'un mod soit autoris.\r\n\r\n\r\n1.2 Profiter sciemment ou aider d'autres joueurs  enfreindre les rgles\r\nLes joueurs qui assistent intentionnellement, participent consciemment ou profitent d'autres joueurs enfreignant les rgles peuvent tre sanctionns comme sils avaient commis lacte eux-mmes.\r\n\r\n1.3 Erreurs techniques et exploitation de bugs\r\nIl est interdit de profiter de bugs apparents ou doublis techniques. Les joueurs qui exploitent de tels problmes sans en informer le staff peuvent tre bannis de manire permanente. Merci d'informer le staff si vous en trouvez un.\r\n\r\n1.4 Comptes alternatifs\r\nLes comptes alternatifs ou "alts" ne sont pas autoriss. Un seul compte est autoris par joueur. Les comptes alternatifs seront bannis et le compte principal pourra recevoir un avertissement. Une rcidive entranera un bannissement du compte principal.\r\n\r\nCependant, il est permis pour plusieurs personnes physiques de jouer  partir de la mme adresse IP sur plusieurs comptes MC.\r\nContactez le staff si vous souhaitez changer de compte principal ou si vous utilisez la mme adresse IP qu'un autre joueur. \r\n1.5 Provoquer intentionnellement du lag ou perturber le fonctionnement de Novania\r\n\r\nLes joueurs causant intentionnellement du tort aux services proposs pourront tre bannis dfinitivement.	0
11	Comportement et chat	Les noms des villes & nations doivent :\r\n\r\nNe pas tre fictifs; ils doivent correspondre  une nation relle passe ou actuelle.,\r\n\r\ntre bass sur une rgion, province ou autre zone gographique aux frontires dfinies.,\r\n\r\nCorrespondre  la localisation sur la carte de la capitale de la nation.,\r\n\r\nLes noms de villes ne doivent pas tre inappropris, toxiques ou offensants.,\r\n\r\nLes noms des villes comme des nations doivent avoir la bonne synthaxe, avec une lettre capitale. Exemple :,\r\nRoyaume-Uni\r\nToute ville ou nation ne respectant pas cette syntaxe se verra contrainte de renommer ( vos frais) dans un dlai  l'apprciation du staff.\r\n\r\nLes pseudos, surnoms, skins et titres Towny ne doivent pas tre des publicits ni contenir de contenu explicite, sexuel ou autrement inappropri.\r\n\r\n2.2 Vols et pillages\r\nLe pillage et le vol auprs dautres joueurs sont autoriss. Il revient  chaque joueur de protger ses biens.\r\n\r\n2.3 Spam\r\nIl est interdit de spammer ou denvoyer des messages perturbant la fluidit du chat peu importe le motif (par ex., en envoyant le mme message plusieurs fois).\r\n\r\n2.4 Comportement indsirable\r\nTout comportement suivant est interdit : \r\nHarclement explicite,\r\n\r\nCommentaires incitant  lautomutilation ou  la violence, y compris les discours haineux,\r\n\r\nDiscussions explicites ou avances  caractre sexuel,\r\n\r\nAccusations infondes ou nuisibles sur la rputation dun joueur dans la vraie vie,\r\n\r\nToute tentative de manipulation, dabus ou de relations inappropries, surtout envers des mineurs. Ceci inclut demander des informations personnelles, messages inappropris, flirt, etc.\r\n\r\nLa toxicit est value au cas par cas par le staff, qui a le dernier mot. Les comportements rpts peuvent entraner des mutes, avertissements ou bannissements.\r\n\r\n2.5 Usurpation d'identit\r\nUsurper lidentit dautres joueurs ou de villes/nations (via pseudo, surnom, noms, etc.) est interdit. Les contrevenants devront corriger leur nom. En cas de prjudice, le staff pourra appliquer un bannissement.\r\n\r\n2.7 Partage d'informations personnelles\r\nIl est strictement interdit de partager les informations personnelles dautrui sans leur autorisation explicite : Noms, photos, numros, adresses, rseaux sociaux, IP, etc.\r\n\r\nIl est galement interdit de menacer ou manipuler quelquun avec ses informations personnelles.\r\n\r\n2.8 Partage de liens\r\nLes liens malveillants (virus, enregistreurs dIP, etc.) sont interdits. Tout lien permettant de contourner les rgles listes ici est aussi interdit, mme via Discord.\r\n\r\nLes liens  contenu sexuel ou extrmement violent/drangeant sont interdits. Dautres types de liens sont autoriss, mais peuvent tre filtrs.\r\n\r\n2.9 Publicit\r\nLa publicit est interdite sauf si elle est lie au serveur.\r\n\r\n2.10 Vente de contenu ou services contre de largent rel\r\nIl est interdit de vendre des objets ou services en jeu contre de largent rel, ou inversement.\r\n\r\n2.11 Plainte concernant des actions n'enfreignant pas le rglement\r\nSe plaindre d'actions ou de comportements de joueurs respectant le rglement de faon trop insistante pourra tre considr comme du spam.	0
12	Grief	3.1 Destruction de terrain dans ou autour des claims\r\nDtruire des terrains dans ou autour des claims (grief de proximit) est interdit. Le staff restaurera les dgts et avertira le joueur. Une rcidive peut mener  un bannissement.\r\n\r\nExemples de grief (non exhaustif) :\r\n\r\nCobble monsters (normes structures en cobble avec lave/eau),\r\n\r\nRideaux de lave/eau,\r\n\r\nGnration massive dentits (poules, bateaux, etc.),\r\n\r\n3.2 Destruction de terrain dans la nature\r\nLa nature est dfinie comme les zones non revendiques par Towny, c'est  dire hors des villes. Une demande de restauration peut tre faite en cas de grief majeur.\r\n\r\n3.3 Claims de ville\r\nLes villes ne doivent pas :\r\n\r\nBloquer lexpansion de villes voisines (claim blocking),\r\n\r\nCrer des bras de claims pour bloquer ou tendre artificiellement leur territoire,\r\n\r\nAvoir des chunks non claims  lintrieur de leurs limites,\r\n\r\ntre cres uniquement pour bloquer une autre ville,\r\n\r\n3.4 Vol \r\nLe vol de ressources, peu importe leur nature, est autoris (ex., trahison, permissions mal gres dans les villes...). C'est  vous de faire attention  vos transactions et permissions de villes/nation. Protgez vos ressources. En cas de difficults avec l'utilisation de Towny, rfrez-vous au wiki dans -liens-utiles du discord.\r\n\r\n3.5 Terraforming majeur\r\nPour prserver la gographie relle, le terraforming majeur est interdit. Si cela modifie la carte du site, cela sera supprim. Par exemple : vider des lacs, crer des les artificielles, recouvrir locan.\r\n\r\n3.6 Art sur carte (Map art)\r\nLe map art est autoris sil ne gne pas les autres villes ni ne cause de terraforming majeur. Il est recommand de le faire en Antarctique. En dehors, vous devez claim la zone pour viter les griefs de proximit.\r\n\r\nVotre map art ne doit pas contenir de nudit, contenu sexuel, images racistes ou autre lment enfreignant les rgles de la section 2.	0
\.


--
-- Data for Name: minecraft_app_staffmember; Type: TABLE DATA; Schema: public; Owner: novania_db_user
--

COPY public.minecraft_app_staffmember (id, name, role, minecraft_uuid, description, discord_username) FROM stdin;
4	SgtCartoon	mod	40d48b45a2b74296a3de3303eaf6aba9	Modrateur en chef spcialis dans la protection anti-grief et la rsolution des conflits. Aide  perfectionner les procdures de modration.	sgtcartoon
1	SoCook	admin	957caeec-6201-4c80-b481-0593f13aac1b	Fondateur et dveloppeur principal du serveur Novania. Responsable des oprations techniques et de l'exprience de jeu globale.	enzolebreton
3	Betaking	admin	a63aa063-fb56-4723-a507-e85a0e603b96	Co-administrateur des vnements et des communications.	betaking
2	karatoss	admin	e7367039-053d-430e-813a-3af7b880f9dd	Co-administrateur en charge de la gestion de la communaut et de la modration. Spcialiste du plugin Towny.	mrkaratoss
5	mallonee	helper	4d099c3c046c4f28889b952100197bbc		m4azmat
6	ChenkoV1	helper	771aba342e7949fa935b1201a8a90165		chenko_1111
\.


--
-- Data for Name: minecraft_app_storeitem; Type: TABLE DATA; Schema: public; Owner: novania_db_user
--

COPY public.minecraft_app_storeitem (id, name, description, price, image, color_code, category, quantity) FROM stdin;
5	Coffre de Bronze	Le premier des coffres, en attente d'tre ouvert	2.00	\N	#CD7F32	special	1
6	Coffre d'Argent	Une belle rcompense !	3.00	\N	#C0C0C0	special	1
1	Tte de joueur	Cherchez-vous une faon merveilleuse d'amliorer votre maison ?\r\nNe cherchez plus ! Avec une tte de joueur, vous avez toutes les opportunits d'ajouter cette touche finale !	2.00	\N	#2ecc71	cosmetic	1
8	Coffre Oros	Unique en son genre, offrant une rcompense au-del de toute attente	5.00	\N	#C41E3A	special	0
2	uf de Villageois	uf de Villageois	3.00	\N	#FF0000	collectible	0
3	uf d'Allay	uf d'Allay	2.00	\N	FF0000	collectible	1
4	uf de cheval squelette	uf de cheval squelette	2.00	\N	FF0000	collectible	1
7	Coffre Dor	Un prix puissant attend ceux qui l'ouvrent !	4.00	\N	#FFD700	special	0
\.


--
-- Data for Name: minecraft_app_storeitempurchase; Type: TABLE DATA; Schema: public; Owner: novania_db_user
--

COPY public.minecraft_app_storeitempurchase (id, quantity, amount, payment_id, payment_status, created_at, store_item_id, user_id) FROM stdin;
7	2	10.00	cs_live_a18Hxpww8lFHCcL1lCZ7CBG0WPo7OlkAKmE9hyeQyzJEYzQePZDE8eGS21	completed	2025-05-22 16:16:57.634384+00	8	71
8	3	15.00	cs_live_a1S02OEaH9uAHrjIuhh7VhrtSrW98uc2knwRrlvz16HOejadLvoVI8Xj5y	completed	2025-05-23 18:15:40.128018+00	8	79
9	1	5.00	cs_live_a15NObdtsbYEMOq5yofehiZEAmxoSpzLmiHGKpfFtuzZhfp6UgnWg80Dg3	completed	2025-05-26 22:36:58.237205+00	8	73
10	1	5.00	cs_live_a1C910q8sGm0QIn8Pqjdxzu2Q6lDk2aCjPDVdgQkfnJZWkZGmA3IXVLQlK	completed	2025-05-26 22:40:56.63776+00	8	91
11	1	5.00	cs_live_a18ydocu4mTXXmiynlZBJ83R95gLAhd1DiEmoAZZPXgtw8MO6LsI6cwbKA	completed	2025-05-27 19:48:24.131135+00	8	146
12	2	6.00	cs_live_a18ydocu4mTXXmiynlZBJ83R95gLAhd1DiEmoAZZPXgtw8MO6LsI6cwbKA	completed	2025-05-27 19:48:24.19449+00	2	146
13	1	4.00	cs_live_a18ydocu4mTXXmiynlZBJ83R95gLAhd1DiEmoAZZPXgtw8MO6LsI6cwbKA	completed	2025-05-27 19:48:24.294486+00	7	146
14	5	25.00	cs_live_a1bRQ0TZIEfB4eVqPs0JTBeeNPqmY4BBmqDQOkeQSnYTtqAPuP4X7nn9Eb	completed	2025-05-27 19:53:24.117969+00	8	79
15	2	10.00	cs_live_a1dhS2kFz6BNBUVO1zuquK0lWQfojT3VRi9YMDqE9uc7U2695pSGXFm7If	completed	2025-05-27 20:01:54.721836+00	8	28
16	2	10.00	cs_live_a1cUXYDkIwZSvOgWuk1GbBtTWdyncMj1CaGqcnxFxPGfrD4oQ1lYtRyd0W	completed	2025-05-27 20:37:13.297643+00	8	146
17	1	5.00	cs_live_a12pl9yXFkux1Z92Eo4jJl0hloqeCTmxKYhKsxonyiAhHCc1wYKDYSZ7l8	completed	2025-05-28 09:58:55.999054+00	8	148
18	1	5.00	cs_live_a1qnrAitmI6NDdPgRVWOquilv2GMWqDj978ze4RlJ02Fco66zRWSoU5nRu	completed	2025-05-28 12:40:44.283726+00	8	151
19	1	5.00	cs_live_a1RmkRnBVoHC4MLkV5uUu8e4CIj9hbBrA8foaJT1to5t4ZX63Q7dob0Pcr	completed	2025-05-28 12:55:53.245473+00	8	151
20	2	10.00	cs_live_a1d38wsVDuHLfHbo75gly4XWRJT32YwDlrxWXejoZEGCTvspDBg0d0x23d	completed	2025-05-28 20:51:45.059488+00	8	146
21	2	8.00	cs_live_a1d38wsVDuHLfHbo75gly4XWRJT32YwDlrxWXejoZEGCTvspDBg0d0x23d	completed	2025-05-28 20:51:45.174972+00	7	146
22	2	10.00	cs_live_a1yf8lNifilH13f05Vlc4ir2La6UfnLKJM9bt2nDgL0t8kRDfylk12gZk8	completed	2025-05-29 16:11:01.813096+00	8	146
23	2	8.00	cs_live_a1yf8lNifilH13f05Vlc4ir2La6UfnLKJM9bt2nDgL0t8kRDfylk12gZk8	completed	2025-05-29 16:11:01.862996+00	7	146
24	1	5.00	cs_live_a1LjJRXQbgZL3vq5FXNxcOi2HjlPZxihVSmBUv7H5p558atG5QSXBsMnz4	completed	2025-05-29 16:14:38.826126+00	8	151
\.


--
-- Data for Name: minecraft_app_town; Type: TABLE DATA; Schema: public; Owner: novania_db_user
--

COPY public.minecraft_app_town (id, name, mayor, founded_date, description, residents_count, location_x, location_z, real_world_location, nation_id) FROM stdin;
\.


--
-- Data for Name: minecraft_app_townyserver; Type: TABLE DATA; Schema: public; Owner: novania_db_user
--

COPY public.minecraft_app_townyserver (id, name, ip_address, description, version, player_count, max_players, status, discord_link) FROM stdin;
1	Novania - Earth Towny	play.Novania.fr	Towny server on a 1:1000 scale Earth map	1.20.4	0	0	f	\N
\.


--
-- Data for Name: minecraft_app_userprofile; Type: TABLE DATA; Schema: public; Owner: novania_db_user
--

COPY public.minecraft_app_userprofile (id, minecraft_username, minecraft_uuid, bio, discord_username, user_id) FROM stdin;
1	SoCook	957caeec62014c80b4810593f13aac1b		Enzoo#0660	1
3	betaking	a63aa063fb564723a507e85a0e603b96			3
5					5
6	Mobby	2a7beb135eba421d90e4d3cfc7d43d04			6
7	Taiga	07c95c7c2570432693dc47d029c69fb7			7
8					8
9	Vomzor				9
10	Etolan	e1ca07be5f5b4031b54cededa74d20ce			10
11	peugo		c peugo	peugo	11
12	Objetver6800694				12
13	BR0ONKS	d169c930e4fc41ab9f004eb14a78f0d0		rxftl	13
14	Fan2Bataille06	59af8dc1b96144b696abf17f3fcadeed			14
15	Cypho_	dbd034c9793241b0be1bd67ffbc7bcf7			15
16	cepamathi1085				16
93	MasterCheep	101509c987bc4d70b4caf250c7293c2f			93
18	Dragonnee	e6b449cc37094c98be94e2850955bff0			18
19	Gizous	e5eb0233e42a4bd5a8908de46303ec43			19
20	Never_Ever_Gamer	4d35ae31987748748ca10bc86cc1f506			20
21	DBM154800				21
22					22
94	.SacredGolf93028				94
24					24
26	Catking1286				26
17	SgtCartoon	40d48b45a2b74296a3de3303eaf6aba9			17
95	Skyzzox0ff	e04cbac1238443c68a705d1eedf7e19d			95
27	Dahtz	91601c445ae040ae9fbdf19b7e5122c7		Dahtz	27
28	ChenkoV1	771aba342e7949fa935b1201a8a90165			28
29	Mister_Tong	14102df80dfe428a8df375cf09602466		Palou7179	29
25	craftmineur	4a5866c64f214aa8988e8c3a76776ac8	J'AIME L'ARGENT 	craftmineurlevrai	25
30	duck1887				30
2	karatoss	e7367039053d430e813a3af7b880f9dd		MrKaratoss#3000	2
63	Liura_	8e720340bded4d32b69feb52f1cc1058			63
96	XawiiZ	b9a35a724fe447ae9fee95c9623bf799			96
64	Killscouide	41b8844f400c45f2bb5ede86d56c6d9c	Le poulet c'est trop bon	Vex_Le_Goat	64
97	Laritcho	6f6ab54112944bd8aa2c7af2b7cee865			97
65	sacha1106	7189971b71cd4c128dc0f828cd17824c		chacopixel	65
66					66
67	Ambree_thx	307895e260ca414f9242ab9a08887d0f			67
68	Augustvid	a122dd7fb347489c87fe23f380a47aae			68
69	KinderRoom				69
70					70
71	Bxldix	713460d6374646598c6213dd31883dff			71
72					72
73	mallonee	4d099c3c046c4f28889b952100197bbc			73
74	askar76	9a3780524c0f4a88abf57e4d463289a4			74
75	TuYoKaa				75
76	TbdDeathGun	44f1cdef009e4fb3a1547a109ead7d91			76
77	Slimmzzzz	446bc1cecd14412087a500f71e1a65e3			77
78	zenovel-gaming				78
79	Dax21	4ab6d85913084264816df3b51fb8dfdd			79
80	sitronn10	9360f31eb2a54d4c90235494949ad8cc		thesitronninja 	80
81	NarcoDBpro				81
82					82
83	team_fous	061f80f6a6904ccfbc3906c0670163ca			83
84	jodot21	6abb73e0b0d54787b6cfa85c7c9b1545			84
85	Kira95	eb9787ff9f3e493ab0bba5270a20fe84			85
86	kipicroc	748576c32aa44535b6f1cd43a9fc9e3d			86
87	KiraxFifou	88af18aeda89469a966f4b8cbeebe308			87
88	CornyV2	1cb3e4f86d3d45fe82219ac01de65bf1			88
89	.ANAEL9984				89
90	Antinox13				90
91	MaxouDispo	c0cba313c01240c4b4acfd409efb237d			91
92	mannyfic	89b75a0cd7e84cafa95df147002dd899			92
98	Alkamy_	42b07e8f7bf0449c8b70162b4fb90260			98
99	Dairax	f711ebfa2d08489ba139160e9cd55dab			99
100	ElPoyoDelElmo	99c6d2de016d4572b82ce0802f78cbfe			100
101					101
102	aToxicoSheep	5f450fa984a8484f88ef00e11d71d799			102
103	MrCookiee_	c45280aa06744e8e8d6cb3a07954c5e9			103
104	Fireded	4250146b2a984da88e6365c9fd0de886			104
106	paul.vaslin@icloud.com				106
107	FatalRoyal31	eb3d720f54dc4aec9db00da67190e5ef			107
105				rubenxtrem25	105
108	Ardanas14	a75f465788f74e93969de1ffdc4c07f1			108
109	BUFFFET	6e83a565eb0741518e71d329f9cfdb62			109
110					110
111	Ladam_				111
112	VilloYTB	2d3ac1df9444464eb907dd1ea4be5df0			112
113	anthenium	5bd449e8dd60425ba9d78f73e43f58c9			113
114					114
115	Sloshy_Appolo14				115
116	RatMolosss	9832141b7c644b60afd91c2ac86579e0			116
117	turluflute	698ed2bb474f4018a1fed45f384bc73f			117
118	TM_tecro	9c1ae14025c045578bd973c2520eaf50			118
119	NOS_Master	71d40ebe12d241c89ee2018f935717cf			119
120	allanoytb	317d0f156cdd478a8a2f455983eadd21			120
121	.TuYoKaa		~ 16 ans  ~\r\n~ Empire Ottoman forever  ~\r\n~ Builder presque pro  ~	NaKioo.	121
122	YurKa_	a255c5799abb4151a443ce4c347eb1bd			122
123	lada974	bbe957f67b514273b46e03de00083430			123
125	T_max741_T	e1b7b18b976e4aefb6f123ae8f598b64			125
126	Shadow425lebg	a913cc0cf60a440489c6c845aa791fae			126
127	cratos	a61ffa2bbc5b412195a37d64fd1c0c3c			127
128	Gravity_Blue	a91ab505ddec43558ed352b0a4a31a84			128
129					129
130					130
131	BedReam_	69e425bb002c4c1dae901decbc1fd8cf			131
132	WALY_FR	07a56f7b233143fba21264e1441db886			132
133	SwarthyLegends	f0ec56c254de4caa82627f7ebc064fd7			133
134	DiluteCash18204				134
135	35gab35	0e415ff665ff45b4a5f1dcd840179afe			135
136					136
137	zTiozL	3005fe98ff404e0abd20de3eca135df8			137
138					138
139	Pulcool	bbcfbffeb99544cdaefe233ed24d12e8			139
140	0pennzeur0	d278e0807d0741918c0bbbea2e8a3dc9			140
141	tachentuche			tachentuche	141
142	ElTwiten	58d44b6a6c7e4a5cb9fccc78d072aca0			142
143	levoleurde4				143
144	Juvgau				144
145					145
146	xadvamobile	671958a14d48417aa3099fd8f2dae80f			146
147	Nono_Raptor	90b66e6c2f7a488d81e3fe33eeb8a5c9			147
124	Laryox_	b28207a29b0e4f308f148545eb3ced8d			124
148	rufle_	9918529adccb432c9e3e1289a799e56f			148
149	BarerSolid37654				149
151	Asmog	dcfe11d66f3242febb6b668132492003			151
150	TayTsu35	f48559fd898e47c19446103a63851905		missilepredator	150
152	Sticky392920				152
153	Hugogo61	0cd324e35d7942bc94e52492dcfb5352			153
154	deltajdu68	f0d17eee435b4b66ad2d19aaa5ad8ee8			154
155	guigui67100				155
156	DweltLamp830795				156
157	RoiManolo	5cfb08917f124978b52dbcf3cfbecdf6			157
159	Nartebike	79d6a200fc614a298ed5d955fc51589e			159
158	Snapy31	7dbd2d9977f949d0860479fd73d83925		snapy31	158
160	Yngam85				160
161	gaelovitche	6f3f3b950d0847d8b4f913d42fc9e2a7			161
\.


--
-- Data for Name: minecraft_app_userpurchase; Type: TABLE DATA; Schema: public; Owner: novania_db_user
--

COPY public.minecraft_app_userpurchase (id, amount, payment_id, payment_status, created_at, rank_id, user_id, gifted_by_id, is_gift) FROM stdin;
20	5.00	cs_live_a16piTPad7W1UpjeIGvWSPeuI0BvOeKFBrCOtDOwBj8V2s4UBlEEJ3e7of	completed	2025-05-20 14:57:44.809309+00	1	27	1	t
19	5.00	cs_live_a1mmjm74xuIbffiAD6zLyeldgCzrPJGLZ87xGRZVuZjR1xjej54JDsiHeN	completed	2025-05-20 13:54:58.746829+00	1	14	\N	f
21	20.00	cs_live_a1UUtmHHJTg8MamQuV2u347JvkAKEHS2klagmM0Oy0NJyjrN8saZM8gf8c	completed	2025-05-20 18:26:03.98335+00	3	28	\N	f
23	5.00	aze	completed	2025-05-20 20:21:54.964248+00	1	30	1	t
24	20.00	cs_live_a1nIyNwGiZSI3c7PYyAjMisx1lzZBUf56wH1yoZRsHfr74wPHaFXN2deEq	completed	2025-05-21 11:33:58.771633+00	3	19	\N	f
25	30.00	cs_live_a14512fjKhKTVKhHLHMyh7nDu188Z0NvPa9jjS6grtHzLfAec1s53TYadI	completed	2025-05-21 12:30:54.57531+00	4	29	\N	f
26	30.00	cs_live_a1xbGRxa41UMHB76AP3yVl3niE1qwTMW7bTDAkGWVCvZXHuskR4spKrny2	completed	2025-05-21 13:55:57.080806+00	4	28	\N	f
27	20.00	cs_live_a1o5ArCjsCYiF5zaWYpqnFNyfxLN5qBzxMK8jdaugXxX1oSLBLiBLXe8up	completed	2025-05-21 18:43:16.321744+00	3	77	\N	f
28	10.00	cs_live_a1PTnCrJfI7gQBXKJHLJ7vm8XdQmoryjwSEelX6lUT7CEOfvuzHT5tXlYO	completed	2025-05-21 19:11:59.891481+00	2	14	\N	f
29	10.00	cs_live_a1G0X3HwnsoLtqQIUjewgQWUK0OKuqGdcpA4qbnJzcZjKSdp1L02kl8I4H	completed	2025-05-21 21:23:32.910607+00	2	18	\N	f
30	20.00	cs_live_a1FYYBjm7k7qnumWBuXPikgxH0NUFI0U7xxG6ni2QjPCvSKyxz2esUIvCJ	completed	2025-05-22 14:47:30.422626+00	3	68	\N	f
31	30.00	cs_live_a16b7gC1vrlcbmlYRa8oVgNqSutYRZAKZrd2BuORaiVxS6b2Tv4sgQHsAS	completed	2025-05-22 15:11:07.606464+00	4	65	\N	f
32	30.00	cs_live_a18Hxpww8lFHCcL1lCZ7CBG0WPo7OlkAKmE9hyeQyzJEYzQePZDE8eGS21	completed	2025-05-22 16:16:57.503036+00	4	71	\N	f
33	10.00	cs_live_a1QxMjDlgE7BBSkFYu1x8fcVhneWgDChJGTwmjzM4d7T6rWGVMrmpc6c6k	completed	2025-05-22 20:52:23.10175+00	2	13	\N	f
34	10.00	cs_live_a1BY2aPxbvaMcwIGrK8b5sdbnbsnCpaB6hYn239taSWSJMhL5i1RmzAgm2	completed	2025-05-22 22:22:12.114799+00	2	73	\N	f
35	20.00	cs_live_a1d1P39LsuW8fE7hqhgNmfUnssvyIYvR1gt9OhWTNAVNOc5tQ3WH0wWGNi	completed	2025-05-23 16:58:35.694076+00	3	79	\N	f
37	30.00	cs_live_a1qZQ0SzSFRqQq39UAdAxK18AMDcSzsyZuG9xBHIp2xH0gdJNvmyDZ57Ik	completed	2025-05-25 14:23:48.351083+00	4	79	\N	f
38	10.00	cs_live_a1MvM76YH60r7SCAu9CmtIcr4Mct5nHkpElRd2SZiYWaM7jElFofvjiPbP	completed	2025-05-26 15:50:57.733759+00	2	125	\N	f
39	5.00	cs_live_a1bXsxxrISo3rLD9rZi9JwU05bG2zPBdTsVhokLxIL9tXEbMz8FeoMlxzj	completed	2025-05-26 18:31:12.415168+00	1	91	\N	f
40	5.00	cs_live_a1MLzjVOnUwYCieg8FwoMt8nLhWMcFoEvWNThFt4ouUUPkvEtXF8jWxsKj	completed	2025-05-26 20:49:38.305147+00	1	89	\N	f
41	30.00	cs_live_a1MZDytsEQGEAG7DnDTlaK2Rn2W2roOGibGUStlME0K7UlOv3lg53MPdoS	completed	2025-05-27 12:03:43.277533+00	4	139	\N	f
44	20.00	cs_live_a1mEVv1PQroIsb4HKNj6Szn4FI03xsQwntCrCdKLdav9OJc1IxXPpxhRWO	completed	2025-05-27 14:48:50.812976+00	3	93	\N	f
45	30.00	cs_live_a17hi2lQc5Q6GTeCUk3pNf71F46sPaJKRJHJCpdoKB6puKTC7TSOQFQMbq	completed	2025-05-27 15:54:23.987759+00	4	93	\N	f
46	20.00	cs_live_a1r3duUrAJvYPn0zXIi0DqqRbc9MLViJYnahbXMg6bHy0YBKm1WU1kUXB3	completed	2025-05-27 15:59:38.263388+00	3	85	\N	f
47	5.00	cs_live_a1LqR0w3iAqgWXtPGwcFefQRfgCR1hJLQB1U3TSbNHYtkoVwNBviEyZCUU	completed	2025-05-27 16:06:41.106799+00	5	28	\N	f
48	10.00	cs_live_a1wPbzebHQmhAXTTrXcGwEMNbp3bL4y8feWaF40qCXBv5qV6lmGmFYaRDk	completed	2025-05-27 16:25:55.030313+00	2	94	\N	f
49	30.00	cs_live_a1QHi8t2DOshzynRWa8GopfQRZbcj6I17UTPmkcgP8CjiBWXPUSy3DXwAt	completed	2025-05-27 16:38:28.969124+00	4	117	\N	f
50	10.00	cs_live_a1zyN8yQ9SVZsZTQFWh3OebhuUiDEymIcWxN83wq7Xxo3jpuzsVcLIHEXe	completed	2025-05-27 19:16:42.881551+00	2	146	\N	f
51	5.00	cs_live_a1Ko1JFmpdQ4PAtcosrpNeMEDU5fdphoRtEpyCeo7yCvGQtn7h89Jbrquv	completed	2025-05-28 14:52:54.712316+00	1	154	\N	f
52	10.00	cs_live_a1LjJRXQbgZL3vq5FXNxcOi2HjlPZxihVSmBUv7H5p558atG5QSXBsMnz4	completed	2025-05-29 16:14:38.774829+00	2	151	\N	f
53	5.00	cs_live_a1wW9jrnc0cXH55xgyOuIDalUQe0aBOFrhhM1raD1TtK4e6mw4b4TCcT0G	completed	2025-05-29 17:38:16.44671+00	1	158	\N	f
54	4.99	cs_live_a1cJ8mNtdy3ixAjKvD5TT0snhm9AB3UVTTQru1vujAg846NNuZwZQYu1Z1	completed	2025-05-29 17:58:32.080986+00	5	148	\N	f
\.


--
-- Data for Name: minecraft_app_usersubscription; Type: TABLE DATA; Schema: public; Owner: novania_db_user
--

COPY public.minecraft_app_usersubscription (id, stripe_subscription_id, status, current_period_start, current_period_end, created_at, cancelled_at, rank_id, user_id) FROM stdin;
\.


--
-- Data for Name: minecraft_app_webhookerror; Type: TABLE DATA; Schema: public; Owner: novania_db_user
--

COPY public.minecraft_app_webhookerror (id, event_type, session_id, error_message, created_at) FROM stdin;
1	checkout.session.completed	cs_live_a1nem1BOFh0gRLuPlnPUCxKaw5QtmeRaqZcalazrOgguFi0chFXjfvMmL9	CartItem 5 not found for user 1	2025-05-03 19:27:14.265598+00
2	checkout.session.completed	cs_live_a1GAY9WwGMQ6QEYY5KIBRL0h0PubcFTZLxPIF1GAJE3DgSVJNkix4wTT7e	CartItem 50 introuvable pour l'utilisateur 1	2025-05-16 23:57:30.846392+00
\.


--
-- Name: auth_group_id_seq; Type: SEQUENCE SET; Schema: public; Owner: novania_db_user
--

SELECT pg_catalog.setval('public.auth_group_id_seq', 1, false);


--
-- Name: auth_group_permissions_id_seq; Type: SEQUENCE SET; Schema: public; Owner: novania_db_user
--

SELECT pg_catalog.setval('public.auth_group_permissions_id_seq', 1, false);


--
-- Name: auth_permission_id_seq; Type: SEQUENCE SET; Schema: public; Owner: novania_db_user
--

SELECT pg_catalog.setval('public.auth_permission_id_seq', 80, true);


--
-- Name: auth_user_groups_id_seq; Type: SEQUENCE SET; Schema: public; Owner: novania_db_user
--

SELECT pg_catalog.setval('public.auth_user_groups_id_seq', 1, false);


--
-- Name: auth_user_id_seq; Type: SEQUENCE SET; Schema: public; Owner: novania_db_user
--

SELECT pg_catalog.setval('public.auth_user_id_seq', 161, true);


--
-- Name: auth_user_user_permissions_id_seq; Type: SEQUENCE SET; Schema: public; Owner: novania_db_user
--

SELECT pg_catalog.setval('public.auth_user_user_permissions_id_seq', 1, false);


--
-- Name: django_admin_log_id_seq; Type: SEQUENCE SET; Schema: public; Owner: novania_db_user
--

SELECT pg_catalog.setval('public.django_admin_log_id_seq', 228, true);


--
-- Name: django_content_type_id_seq; Type: SEQUENCE SET; Schema: public; Owner: novania_db_user
--

SELECT pg_catalog.setval('public.django_content_type_id_seq', 20, true);


--
-- Name: django_migrations_id_seq; Type: SEQUENCE SET; Schema: public; Owner: novania_db_user
--

SELECT pg_catalog.setval('public.django_migrations_id_seq', 34, true);


--
-- Name: minecraft_app_cartitem_id_seq; Type: SEQUENCE SET; Schema: public; Owner: novania_db_user
--

SELECT pg_catalog.setval('public.minecraft_app_cartitem_id_seq', 170, true);


--
-- Name: minecraft_app_dynamicmappoint_id_seq; Type: SEQUENCE SET; Schema: public; Owner: novania_db_user
--

SELECT pg_catalog.setval('public.minecraft_app_dynamicmappoint_id_seq', 1, false);


--
-- Name: minecraft_app_nation_id_seq; Type: SEQUENCE SET; Schema: public; Owner: novania_db_user
--

SELECT pg_catalog.setval('public.minecraft_app_nation_id_seq', 1, false);


--
-- Name: minecraft_app_rank_id_seq; Type: SEQUENCE SET; Schema: public; Owner: novania_db_user
--

SELECT pg_catalog.setval('public.minecraft_app_rank_id_seq', 5, true);


--
-- Name: minecraft_app_serverrule_id_seq; Type: SEQUENCE SET; Schema: public; Owner: novania_db_user
--

SELECT pg_catalog.setval('public.minecraft_app_serverrule_id_seq', 12, true);


--
-- Name: minecraft_app_staffmember_id_seq; Type: SEQUENCE SET; Schema: public; Owner: novania_db_user
--

SELECT pg_catalog.setval('public.minecraft_app_staffmember_id_seq', 6, true);


--
-- Name: minecraft_app_storeitem_id_seq; Type: SEQUENCE SET; Schema: public; Owner: novania_db_user
--

SELECT pg_catalog.setval('public.minecraft_app_storeitem_id_seq', 8, true);


--
-- Name: minecraft_app_storeitempurchase_id_seq; Type: SEQUENCE SET; Schema: public; Owner: novania_db_user
--

SELECT pg_catalog.setval('public.minecraft_app_storeitempurchase_id_seq', 24, true);


--
-- Name: minecraft_app_town_id_seq; Type: SEQUENCE SET; Schema: public; Owner: novania_db_user
--

SELECT pg_catalog.setval('public.minecraft_app_town_id_seq', 1, false);


--
-- Name: minecraft_app_townyserver_id_seq; Type: SEQUENCE SET; Schema: public; Owner: novania_db_user
--

SELECT pg_catalog.setval('public.minecraft_app_townyserver_id_seq', 1, true);


--
-- Name: minecraft_app_userprofile_id_seq; Type: SEQUENCE SET; Schema: public; Owner: novania_db_user
--

SELECT pg_catalog.setval('public.minecraft_app_userprofile_id_seq', 161, true);


--
-- Name: minecraft_app_userpurchase_id_seq; Type: SEQUENCE SET; Schema: public; Owner: novania_db_user
--

SELECT pg_catalog.setval('public.minecraft_app_userpurchase_id_seq', 54, true);


--
-- Name: minecraft_app_usersubscription_id_seq; Type: SEQUENCE SET; Schema: public; Owner: novania_db_user
--

SELECT pg_catalog.setval('public.minecraft_app_usersubscription_id_seq', 1, false);


--
-- Name: minecraft_app_webhookerror_id_seq; Type: SEQUENCE SET; Schema: public; Owner: novania_db_user
--

SELECT pg_catalog.setval('public.minecraft_app_webhookerror_id_seq', 2, true);


--
-- Name: auth_group auth_group_name_key; Type: CONSTRAINT; Schema: public; Owner: novania_db_user
--

ALTER TABLE ONLY public.auth_group
    ADD CONSTRAINT auth_group_name_key UNIQUE (name);


--
-- Name: auth_group_permissions auth_group_permissions_group_id_permission_id_0cd325b0_uniq; Type: CONSTRAINT; Schema: public; Owner: novania_db_user
--

ALTER TABLE ONLY public.auth_group_permissions
    ADD CONSTRAINT auth_group_permissions_group_id_permission_id_0cd325b0_uniq UNIQUE (group_id, permission_id);


--
-- Name: auth_group_permissions auth_group_permissions_pkey; Type: CONSTRAINT; Schema: public; Owner: novania_db_user
--

ALTER TABLE ONLY public.auth_group_permissions
    ADD CONSTRAINT auth_group_permissions_pkey PRIMARY KEY (id);


--
-- Name: auth_group auth_group_pkey; Type: CONSTRAINT; Schema: public; Owner: novania_db_user
--

ALTER TABLE ONLY public.auth_group
    ADD CONSTRAINT auth_group_pkey PRIMARY KEY (id);


--
-- Name: auth_permission auth_permission_content_type_id_codename_01ab375a_uniq; Type: CONSTRAINT; Schema: public; Owner: novania_db_user
--

ALTER TABLE ONLY public.auth_permission
    ADD CONSTRAINT auth_permission_content_type_id_codename_01ab375a_uniq UNIQUE (content_type_id, codename);


--
-- Name: auth_permission auth_permission_pkey; Type: CONSTRAINT; Schema: public; Owner: novania_db_user
--

ALTER TABLE ONLY public.auth_permission
    ADD CONSTRAINT auth_permission_pkey PRIMARY KEY (id);


--
-- Name: auth_user_groups auth_user_groups_pkey; Type: CONSTRAINT; Schema: public; Owner: novania_db_user
--

ALTER TABLE ONLY public.auth_user_groups
    ADD CONSTRAINT auth_user_groups_pkey PRIMARY KEY (id);


--
-- Name: auth_user_groups auth_user_groups_user_id_group_id_94350c0c_uniq; Type: CONSTRAINT; Schema: public; Owner: novania_db_user
--

ALTER TABLE ONLY public.auth_user_groups
    ADD CONSTRAINT auth_user_groups_user_id_group_id_94350c0c_uniq UNIQUE (user_id, group_id);


--
-- Name: auth_user auth_user_pkey; Type: CONSTRAINT; Schema: public; Owner: novania_db_user
--

ALTER TABLE ONLY public.auth_user
    ADD CONSTRAINT auth_user_pkey PRIMARY KEY (id);


--
-- Name: auth_user_user_permissions auth_user_user_permissions_pkey; Type: CONSTRAINT; Schema: public; Owner: novania_db_user
--

ALTER TABLE ONLY public.auth_user_user_permissions
    ADD CONSTRAINT auth_user_user_permissions_pkey PRIMARY KEY (id);


--
-- Name: auth_user_user_permissions auth_user_user_permissions_user_id_permission_id_14a6b632_uniq; Type: CONSTRAINT; Schema: public; Owner: novania_db_user
--

ALTER TABLE ONLY public.auth_user_user_permissions
    ADD CONSTRAINT auth_user_user_permissions_user_id_permission_id_14a6b632_uniq UNIQUE (user_id, permission_id);


--
-- Name: auth_user auth_user_username_key; Type: CONSTRAINT; Schema: public; Owner: novania_db_user
--

ALTER TABLE ONLY public.auth_user
    ADD CONSTRAINT auth_user_username_key UNIQUE (username);


--
-- Name: django_admin_log django_admin_log_pkey; Type: CONSTRAINT; Schema: public; Owner: novania_db_user
--

ALTER TABLE ONLY public.django_admin_log
    ADD CONSTRAINT django_admin_log_pkey PRIMARY KEY (id);


--
-- Name: django_content_type django_content_type_app_label_model_76bd3d3b_uniq; Type: CONSTRAINT; Schema: public; Owner: novania_db_user
--

ALTER TABLE ONLY public.django_content_type
    ADD CONSTRAINT django_content_type_app_label_model_76bd3d3b_uniq UNIQUE (app_label, model);


--
-- Name: django_content_type django_content_type_pkey; Type: CONSTRAINT; Schema: public; Owner: novania_db_user
--

ALTER TABLE ONLY public.django_content_type
    ADD CONSTRAINT django_content_type_pkey PRIMARY KEY (id);


--
-- Name: django_migrations django_migrations_pkey; Type: CONSTRAINT; Schema: public; Owner: novania_db_user
--

ALTER TABLE ONLY public.django_migrations
    ADD CONSTRAINT django_migrations_pkey PRIMARY KEY (id);


--
-- Name: django_session django_session_pkey; Type: CONSTRAINT; Schema: public; Owner: novania_db_user
--

ALTER TABLE ONLY public.django_session
    ADD CONSTRAINT django_session_pkey PRIMARY KEY (session_key);


--
-- Name: minecraft_app_cartitem minecraft_app_cartitem_pkey; Type: CONSTRAINT; Schema: public; Owner: novania_db_user
--

ALTER TABLE ONLY public.minecraft_app_cartitem
    ADD CONSTRAINT minecraft_app_cartitem_pkey PRIMARY KEY (id);


--
-- Name: minecraft_app_cartitem minecraft_app_cartitem_user_id_rank_id_eb6a5026_uniq; Type: CONSTRAINT; Schema: public; Owner: novania_db_user
--

ALTER TABLE ONLY public.minecraft_app_cartitem
    ADD CONSTRAINT minecraft_app_cartitem_user_id_rank_id_eb6a5026_uniq UNIQUE (user_id, rank_id);


--
-- Name: minecraft_app_cartitem minecraft_app_cartitem_user_id_store_item_id_4130a837_uniq; Type: CONSTRAINT; Schema: public; Owner: novania_db_user
--

ALTER TABLE ONLY public.minecraft_app_cartitem
    ADD CONSTRAINT minecraft_app_cartitem_user_id_store_item_id_4130a837_uniq UNIQUE (user_id, store_item_id);


--
-- Name: minecraft_app_dynamicmappoint minecraft_app_dynamicmappoint_pkey; Type: CONSTRAINT; Schema: public; Owner: novania_db_user
--

ALTER TABLE ONLY public.minecraft_app_dynamicmappoint
    ADD CONSTRAINT minecraft_app_dynamicmappoint_pkey PRIMARY KEY (id);


--
-- Name: minecraft_app_nation minecraft_app_nation_pkey; Type: CONSTRAINT; Schema: public; Owner: novania_db_user
--

ALTER TABLE ONLY public.minecraft_app_nation
    ADD CONSTRAINT minecraft_app_nation_pkey PRIMARY KEY (id);


--
-- Name: minecraft_app_rank minecraft_app_rank_pkey; Type: CONSTRAINT; Schema: public; Owner: novania_db_user
--

ALTER TABLE ONLY public.minecraft_app_rank
    ADD CONSTRAINT minecraft_app_rank_pkey PRIMARY KEY (id);


--
-- Name: minecraft_app_serverrule minecraft_app_serverrule_pkey; Type: CONSTRAINT; Schema: public; Owner: novania_db_user
--

ALTER TABLE ONLY public.minecraft_app_serverrule
    ADD CONSTRAINT minecraft_app_serverrule_pkey PRIMARY KEY (id);


--
-- Name: minecraft_app_staffmember minecraft_app_staffmember_pkey; Type: CONSTRAINT; Schema: public; Owner: novania_db_user
--

ALTER TABLE ONLY public.minecraft_app_staffmember
    ADD CONSTRAINT minecraft_app_staffmember_pkey PRIMARY KEY (id);


--
-- Name: minecraft_app_storeitem minecraft_app_storeitem_pkey; Type: CONSTRAINT; Schema: public; Owner: novania_db_user
--

ALTER TABLE ONLY public.minecraft_app_storeitem
    ADD CONSTRAINT minecraft_app_storeitem_pkey PRIMARY KEY (id);


--
-- Name: minecraft_app_storeitempurchase minecraft_app_storeitempurchase_pkey; Type: CONSTRAINT; Schema: public; Owner: novania_db_user
--

ALTER TABLE ONLY public.minecraft_app_storeitempurchase
    ADD CONSTRAINT minecraft_app_storeitempurchase_pkey PRIMARY KEY (id);


--
-- Name: minecraft_app_town minecraft_app_town_pkey; Type: CONSTRAINT; Schema: public; Owner: novania_db_user
--

ALTER TABLE ONLY public.minecraft_app_town
    ADD CONSTRAINT minecraft_app_town_pkey PRIMARY KEY (id);


--
-- Name: minecraft_app_townyserver minecraft_app_townyserver_pkey; Type: CONSTRAINT; Schema: public; Owner: novania_db_user
--

ALTER TABLE ONLY public.minecraft_app_townyserver
    ADD CONSTRAINT minecraft_app_townyserver_pkey PRIMARY KEY (id);


--
-- Name: minecraft_app_userprofile minecraft_app_userprofile_pkey; Type: CONSTRAINT; Schema: public; Owner: novania_db_user
--

ALTER TABLE ONLY public.minecraft_app_userprofile
    ADD CONSTRAINT minecraft_app_userprofile_pkey PRIMARY KEY (id);


--
-- Name: minecraft_app_userprofile minecraft_app_userprofile_user_id_key; Type: CONSTRAINT; Schema: public; Owner: novania_db_user
--

ALTER TABLE ONLY public.minecraft_app_userprofile
    ADD CONSTRAINT minecraft_app_userprofile_user_id_key UNIQUE (user_id);


--
-- Name: minecraft_app_userpurchase minecraft_app_userpurchase_payment_id_key; Type: CONSTRAINT; Schema: public; Owner: novania_db_user
--

ALTER TABLE ONLY public.minecraft_app_userpurchase
    ADD CONSTRAINT minecraft_app_userpurchase_payment_id_key UNIQUE (payment_id);


--
-- Name: minecraft_app_userpurchase minecraft_app_userpurchase_pkey; Type: CONSTRAINT; Schema: public; Owner: novania_db_user
--

ALTER TABLE ONLY public.minecraft_app_userpurchase
    ADD CONSTRAINT minecraft_app_userpurchase_pkey PRIMARY KEY (id);


--
-- Name: minecraft_app_usersubscription minecraft_app_usersubscription_pkey; Type: CONSTRAINT; Schema: public; Owner: novania_db_user
--

ALTER TABLE ONLY public.minecraft_app_usersubscription
    ADD CONSTRAINT minecraft_app_usersubscription_pkey PRIMARY KEY (id);


--
-- Name: minecraft_app_usersubscription minecraft_app_usersubscription_stripe_subscription_id_key; Type: CONSTRAINT; Schema: public; Owner: novania_db_user
--

ALTER TABLE ONLY public.minecraft_app_usersubscription
    ADD CONSTRAINT minecraft_app_usersubscription_stripe_subscription_id_key UNIQUE (stripe_subscription_id);


--
-- Name: minecraft_app_usersubscription minecraft_app_usersubscription_user_id_rank_id_205f3787_uniq; Type: CONSTRAINT; Schema: public; Owner: novania_db_user
--

ALTER TABLE ONLY public.minecraft_app_usersubscription
    ADD CONSTRAINT minecraft_app_usersubscription_user_id_rank_id_205f3787_uniq UNIQUE (user_id, rank_id);


--
-- Name: minecraft_app_webhookerror minecraft_app_webhookerror_pkey; Type: CONSTRAINT; Schema: public; Owner: novania_db_user
--

ALTER TABLE ONLY public.minecraft_app_webhookerror
    ADD CONSTRAINT minecraft_app_webhookerror_pkey PRIMARY KEY (id);


--
-- Name: auth_group_name_a6ea08ec_like; Type: INDEX; Schema: public; Owner: novania_db_user
--

CREATE INDEX auth_group_name_a6ea08ec_like ON public.auth_group USING btree (name varchar_pattern_ops);


--
-- Name: auth_group_permissions_group_id_b120cbf9; Type: INDEX; Schema: public; Owner: novania_db_user
--

CREATE INDEX auth_group_permissions_group_id_b120cbf9 ON public.auth_group_permissions USING btree (group_id);


--
-- Name: auth_group_permissions_permission_id_84c5c92e; Type: INDEX; Schema: public; Owner: novania_db_user
--

CREATE INDEX auth_group_permissions_permission_id_84c5c92e ON public.auth_group_permissions USING btree (permission_id);


--
-- Name: auth_permission_content_type_id_2f476e4b; Type: INDEX; Schema: public; Owner: novania_db_user
--

CREATE INDEX auth_permission_content_type_id_2f476e4b ON public.auth_permission USING btree (content_type_id);


--
-- Name: auth_user_groups_group_id_97559544; Type: INDEX; Schema: public; Owner: novania_db_user
--

CREATE INDEX auth_user_groups_group_id_97559544 ON public.auth_user_groups USING btree (group_id);


--
-- Name: auth_user_groups_user_id_6a12ed8b; Type: INDEX; Schema: public; Owner: novania_db_user
--

CREATE INDEX auth_user_groups_user_id_6a12ed8b ON public.auth_user_groups USING btree (user_id);


--
-- Name: auth_user_user_permissions_permission_id_1fbb5f2c; Type: INDEX; Schema: public; Owner: novania_db_user
--

CREATE INDEX auth_user_user_permissions_permission_id_1fbb5f2c ON public.auth_user_user_permissions USING btree (permission_id);


--
-- Name: auth_user_user_permissions_user_id_a95ead1b; Type: INDEX; Schema: public; Owner: novania_db_user
--

CREATE INDEX auth_user_user_permissions_user_id_a95ead1b ON public.auth_user_user_permissions USING btree (user_id);


--
-- Name: auth_user_username_6821ab7c_like; Type: INDEX; Schema: public; Owner: novania_db_user
--

CREATE INDEX auth_user_username_6821ab7c_like ON public.auth_user USING btree (username varchar_pattern_ops);


--
-- Name: django_admin_log_content_type_id_c4bce8eb; Type: INDEX; Schema: public; Owner: novania_db_user
--

CREATE INDEX django_admin_log_content_type_id_c4bce8eb ON public.django_admin_log USING btree (content_type_id);


--
-- Name: django_admin_log_user_id_c564eba6; Type: INDEX; Schema: public; Owner: novania_db_user
--

CREATE INDEX django_admin_log_user_id_c564eba6 ON public.django_admin_log USING btree (user_id);


--
-- Name: django_session_expire_date_a5c62663; Type: INDEX; Schema: public; Owner: novania_db_user
--

CREATE INDEX django_session_expire_date_a5c62663 ON public.django_session USING btree (expire_date);


--
-- Name: django_session_session_key_c0390e0f_like; Type: INDEX; Schema: public; Owner: novania_db_user
--

CREATE INDEX django_session_session_key_c0390e0f_like ON public.django_session USING btree (session_key varchar_pattern_ops);


--
-- Name: minecraft_app_cartitem_rank_id_25b10914; Type: INDEX; Schema: public; Owner: novania_db_user
--

CREATE INDEX minecraft_app_cartitem_rank_id_25b10914 ON public.minecraft_app_cartitem USING btree (rank_id);


--
-- Name: minecraft_app_cartitem_store_item_id_99756dd4; Type: INDEX; Schema: public; Owner: novania_db_user
--

CREATE INDEX minecraft_app_cartitem_store_item_id_99756dd4 ON public.minecraft_app_cartitem USING btree (store_item_id);


--
-- Name: minecraft_app_cartitem_user_id_938ab8b1; Type: INDEX; Schema: public; Owner: novania_db_user
--

CREATE INDEX minecraft_app_cartitem_user_id_938ab8b1 ON public.minecraft_app_cartitem USING btree (user_id);


--
-- Name: minecraft_app_storeitempurchase_store_item_id_ceec3a11; Type: INDEX; Schema: public; Owner: novania_db_user
--

CREATE INDEX minecraft_app_storeitempurchase_store_item_id_ceec3a11 ON public.minecraft_app_storeitempurchase USING btree (store_item_id);


--
-- Name: minecraft_app_storeitempurchase_user_id_91348fd0; Type: INDEX; Schema: public; Owner: novania_db_user
--

CREATE INDEX minecraft_app_storeitempurchase_user_id_91348fd0 ON public.minecraft_app_storeitempurchase USING btree (user_id);


--
-- Name: minecraft_app_town_nation_id_fca41192; Type: INDEX; Schema: public; Owner: novania_db_user
--

CREATE INDEX minecraft_app_town_nation_id_fca41192 ON public.minecraft_app_town USING btree (nation_id);


--
-- Name: minecraft_app_userpurchase_gifted_by_id_f827aad3; Type: INDEX; Schema: public; Owner: novania_db_user
--

CREATE INDEX minecraft_app_userpurchase_gifted_by_id_f827aad3 ON public.minecraft_app_userpurchase USING btree (gifted_by_id);


--
-- Name: minecraft_app_userpurchase_payment_id_f9d43b75_like; Type: INDEX; Schema: public; Owner: novania_db_user
--

CREATE INDEX minecraft_app_userpurchase_payment_id_f9d43b75_like ON public.minecraft_app_userpurchase USING btree (payment_id varchar_pattern_ops);


--
-- Name: minecraft_app_userpurchase_rank_id_dc6e8b4d; Type: INDEX; Schema: public; Owner: novania_db_user
--

CREATE INDEX minecraft_app_userpurchase_rank_id_dc6e8b4d ON public.minecraft_app_userpurchase USING btree (rank_id);


--
-- Name: minecraft_app_userpurchase_user_id_14038a8c; Type: INDEX; Schema: public; Owner: novania_db_user
--

CREATE INDEX minecraft_app_userpurchase_user_id_14038a8c ON public.minecraft_app_userpurchase USING btree (user_id);


--
-- Name: minecraft_app_usersubscr_stripe_subscription_id_480d7eae_like; Type: INDEX; Schema: public; Owner: novania_db_user
--

CREATE INDEX minecraft_app_usersubscr_stripe_subscription_id_480d7eae_like ON public.minecraft_app_usersubscription USING btree (stripe_subscription_id varchar_pattern_ops);


--
-- Name: minecraft_app_usersubscription_rank_id_8877f917; Type: INDEX; Schema: public; Owner: novania_db_user
--

CREATE INDEX minecraft_app_usersubscription_rank_id_8877f917 ON public.minecraft_app_usersubscription USING btree (rank_id);


--
-- Name: minecraft_app_usersubscription_user_id_31a863a2; Type: INDEX; Schema: public; Owner: novania_db_user
--

CREATE INDEX minecraft_app_usersubscription_user_id_31a863a2 ON public.minecraft_app_usersubscription USING btree (user_id);


--
-- Name: auth_group_permissions auth_group_permissio_permission_id_84c5c92e_fk_auth_perm; Type: FK CONSTRAINT; Schema: public; Owner: novania_db_user
--

ALTER TABLE ONLY public.auth_group_permissions
    ADD CONSTRAINT auth_group_permissio_permission_id_84c5c92e_fk_auth_perm FOREIGN KEY (permission_id) REFERENCES public.auth_permission(id) DEFERRABLE INITIALLY DEFERRED;


--
-- Name: auth_group_permissions auth_group_permissions_group_id_b120cbf9_fk_auth_group_id; Type: FK CONSTRAINT; Schema: public; Owner: novania_db_user
--

ALTER TABLE ONLY public.auth_group_permissions
    ADD CONSTRAINT auth_group_permissions_group_id_b120cbf9_fk_auth_group_id FOREIGN KEY (group_id) REFERENCES public.auth_group(id) DEFERRABLE INITIALLY DEFERRED;


--
-- Name: auth_permission auth_permission_content_type_id_2f476e4b_fk_django_co; Type: FK CONSTRAINT; Schema: public; Owner: novania_db_user
--

ALTER TABLE ONLY public.auth_permission
    ADD CONSTRAINT auth_permission_content_type_id_2f476e4b_fk_django_co FOREIGN KEY (content_type_id) REFERENCES public.django_content_type(id) DEFERRABLE INITIALLY DEFERRED;


--
-- Name: auth_user_groups auth_user_groups_group_id_97559544_fk_auth_group_id; Type: FK CONSTRAINT; Schema: public; Owner: novania_db_user
--

ALTER TABLE ONLY public.auth_user_groups
    ADD CONSTRAINT auth_user_groups_group_id_97559544_fk_auth_group_id FOREIGN KEY (group_id) REFERENCES public.auth_group(id) DEFERRABLE INITIALLY DEFERRED;


--
-- Name: auth_user_groups auth_user_groups_user_id_6a12ed8b_fk_auth_user_id; Type: FK CONSTRAINT; Schema: public; Owner: novania_db_user
--

ALTER TABLE ONLY public.auth_user_groups
    ADD CONSTRAINT auth_user_groups_user_id_6a12ed8b_fk_auth_user_id FOREIGN KEY (user_id) REFERENCES public.auth_user(id) DEFERRABLE INITIALLY DEFERRED;


--
-- Name: auth_user_user_permissions auth_user_user_permi_permission_id_1fbb5f2c_fk_auth_perm; Type: FK CONSTRAINT; Schema: public; Owner: novania_db_user
--

ALTER TABLE ONLY public.auth_user_user_permissions
    ADD CONSTRAINT auth_user_user_permi_permission_id_1fbb5f2c_fk_auth_perm FOREIGN KEY (permission_id) REFERENCES public.auth_permission(id) DEFERRABLE INITIALLY DEFERRED;


--
-- Name: auth_user_user_permissions auth_user_user_permissions_user_id_a95ead1b_fk_auth_user_id; Type: FK CONSTRAINT; Schema: public; Owner: novania_db_user
--

ALTER TABLE ONLY public.auth_user_user_permissions
    ADD CONSTRAINT auth_user_user_permissions_user_id_a95ead1b_fk_auth_user_id FOREIGN KEY (user_id) REFERENCES public.auth_user(id) DEFERRABLE INITIALLY DEFERRED;


--
-- Name: django_admin_log django_admin_log_content_type_id_c4bce8eb_fk_django_co; Type: FK CONSTRAINT; Schema: public; Owner: novania_db_user
--

ALTER TABLE ONLY public.django_admin_log
    ADD CONSTRAINT django_admin_log_content_type_id_c4bce8eb_fk_django_co FOREIGN KEY (content_type_id) REFERENCES public.django_content_type(id) DEFERRABLE INITIALLY DEFERRED;


--
-- Name: django_admin_log django_admin_log_user_id_c564eba6_fk_auth_user_id; Type: FK CONSTRAINT; Schema: public; Owner: novania_db_user
--

ALTER TABLE ONLY public.django_admin_log
    ADD CONSTRAINT django_admin_log_user_id_c564eba6_fk_auth_user_id FOREIGN KEY (user_id) REFERENCES public.auth_user(id) DEFERRABLE INITIALLY DEFERRED;


--
-- Name: minecraft_app_cartitem minecraft_app_cartit_rank_id_25b10914_fk_minecraft; Type: FK CONSTRAINT; Schema: public; Owner: novania_db_user
--

ALTER TABLE ONLY public.minecraft_app_cartitem
    ADD CONSTRAINT minecraft_app_cartit_rank_id_25b10914_fk_minecraft FOREIGN KEY (rank_id) REFERENCES public.minecraft_app_rank(id) DEFERRABLE INITIALLY DEFERRED;


--
-- Name: minecraft_app_cartitem minecraft_app_cartit_store_item_id_99756dd4_fk_minecraft; Type: FK CONSTRAINT; Schema: public; Owner: novania_db_user
--

ALTER TABLE ONLY public.minecraft_app_cartitem
    ADD CONSTRAINT minecraft_app_cartit_store_item_id_99756dd4_fk_minecraft FOREIGN KEY (store_item_id) REFERENCES public.minecraft_app_storeitem(id) DEFERRABLE INITIALLY DEFERRED;


--
-- Name: minecraft_app_cartitem minecraft_app_cartitem_user_id_938ab8b1_fk_auth_user_id; Type: FK CONSTRAINT; Schema: public; Owner: novania_db_user
--

ALTER TABLE ONLY public.minecraft_app_cartitem
    ADD CONSTRAINT minecraft_app_cartitem_user_id_938ab8b1_fk_auth_user_id FOREIGN KEY (user_id) REFERENCES public.auth_user(id) DEFERRABLE INITIALLY DEFERRED;


--
-- Name: minecraft_app_storeitempurchase minecraft_app_storei_store_item_id_ceec3a11_fk_minecraft; Type: FK CONSTRAINT; Schema: public; Owner: novania_db_user
--

ALTER TABLE ONLY public.minecraft_app_storeitempurchase
    ADD CONSTRAINT minecraft_app_storei_store_item_id_ceec3a11_fk_minecraft FOREIGN KEY (store_item_id) REFERENCES public.minecraft_app_storeitem(id) DEFERRABLE INITIALLY DEFERRED;


--
-- Name: minecraft_app_storeitempurchase minecraft_app_storei_user_id_91348fd0_fk_auth_user; Type: FK CONSTRAINT; Schema: public; Owner: novania_db_user
--

ALTER TABLE ONLY public.minecraft_app_storeitempurchase
    ADD CONSTRAINT minecraft_app_storei_user_id_91348fd0_fk_auth_user FOREIGN KEY (user_id) REFERENCES public.auth_user(id) DEFERRABLE INITIALLY DEFERRED;


--
-- Name: minecraft_app_town minecraft_app_town_nation_id_fca41192_fk_minecraft; Type: FK CONSTRAINT; Schema: public; Owner: novania_db_user
--

ALTER TABLE ONLY public.minecraft_app_town
    ADD CONSTRAINT minecraft_app_town_nation_id_fca41192_fk_minecraft FOREIGN KEY (nation_id) REFERENCES public.minecraft_app_nation(id) DEFERRABLE INITIALLY DEFERRED;


--
-- Name: minecraft_app_userprofile minecraft_app_userprofile_user_id_416db4ab_fk_auth_user_id; Type: FK CONSTRAINT; Schema: public; Owner: novania_db_user
--

ALTER TABLE ONLY public.minecraft_app_userprofile
    ADD CONSTRAINT minecraft_app_userprofile_user_id_416db4ab_fk_auth_user_id FOREIGN KEY (user_id) REFERENCES public.auth_user(id) DEFERRABLE INITIALLY DEFERRED;


--
-- Name: minecraft_app_userpurchase minecraft_app_userpu_gifted_by_id_f827aad3_fk_auth_user; Type: FK CONSTRAINT; Schema: public; Owner: novania_db_user
--

ALTER TABLE ONLY public.minecraft_app_userpurchase
    ADD CONSTRAINT minecraft_app_userpu_gifted_by_id_f827aad3_fk_auth_user FOREIGN KEY (gifted_by_id) REFERENCES public.auth_user(id) DEFERRABLE INITIALLY DEFERRED;


--
-- Name: minecraft_app_userpurchase minecraft_app_userpu_rank_id_dc6e8b4d_fk_minecraft; Type: FK CONSTRAINT; Schema: public; Owner: novania_db_user
--

ALTER TABLE ONLY public.minecraft_app_userpurchase
    ADD CONSTRAINT minecraft_app_userpu_rank_id_dc6e8b4d_fk_minecraft FOREIGN KEY (rank_id) REFERENCES public.minecraft_app_rank(id) DEFERRABLE INITIALLY DEFERRED;


--
-- Name: minecraft_app_userpurchase minecraft_app_userpurchase_user_id_14038a8c_fk_auth_user_id; Type: FK CONSTRAINT; Schema: public; Owner: novania_db_user
--

ALTER TABLE ONLY public.minecraft_app_userpurchase
    ADD CONSTRAINT minecraft_app_userpurchase_user_id_14038a8c_fk_auth_user_id FOREIGN KEY (user_id) REFERENCES public.auth_user(id) DEFERRABLE INITIALLY DEFERRED;


--
-- Name: minecraft_app_usersubscription minecraft_app_usersu_rank_id_8877f917_fk_minecraft; Type: FK CONSTRAINT; Schema: public; Owner: novania_db_user
--

ALTER TABLE ONLY public.minecraft_app_usersubscription
    ADD CONSTRAINT minecraft_app_usersu_rank_id_8877f917_fk_minecraft FOREIGN KEY (rank_id) REFERENCES public.minecraft_app_rank(id) DEFERRABLE INITIALLY DEFERRED;


--
-- Name: minecraft_app_usersubscription minecraft_app_usersubscription_user_id_31a863a2_fk_auth_user_id; Type: FK CONSTRAINT; Schema: public; Owner: novania_db_user
--

ALTER TABLE ONLY public.minecraft_app_usersubscription
    ADD CONSTRAINT minecraft_app_usersubscription_user_id_31a863a2_fk_auth_user_id FOREIGN KEY (user_id) REFERENCES public.auth_user(id) DEFERRABLE INITIALLY DEFERRED;


--
-- PostgreSQL database dump complete
--

